userId,group,item,responseNo,checked
bb284246c5a64c258a92fa940218e85c,U,age,1,0
bb284246c5a64c258a92fa940218e85c,U,age,2,1
bb284246c5a64c258a92fa940218e85c,U,age,3,0
bb284246c5a64c258a92fa940218e85c,U,age,4,0
bb284246c5a64c258a92fa940218e85c,U,age,5,0
bb284246c5a64c258a92fa940218e85c,U,age,6,0
bb284246c5a64c258a92fa940218e85c,U,age,7,0
bb284246c5a64c258a92fa940218e85c,U,gender,1,1
bb284246c5a64c258a92fa940218e85c,U,gender,2,0
bb284246c5a64c258a92fa940218e85c,U,gender,3,0
bb284246c5a64c258a92fa940218e85c,U,gender,4,0
bb284246c5a64c258a92fa940218e85c,U,gender,5,0
bb284246c5a64c258a92fa940218e85c,U,gender,6,0
bb284246c5a64c258a92fa940218e85c,U,language,1,0
bb284246c5a64c258a92fa940218e85c,U,language,2,0
bb284246c5a64c258a92fa940218e85c,U,language,3,1
bb284246c5a64c258a92fa940218e85c,U,language,4,0
bb284246c5a64c258a92fa940218e85c,U,language,5,0
bb284246c5a64c258a92fa940218e85c,U,language,6,0
bb284246c5a64c258a92fa940218e85c,U,language,7,0
69ea7539af154597af79cae6caa3e9a6,U,age,1,1
69ea7539af154597af79cae6caa3e9a6,U,age,2,0
69ea7539af154597af79cae6caa3e9a6,U,age,3,0
69ea7539af154597af79cae6caa3e9a6,U,age,4,0
69ea7539af154597af79cae6caa3e9a6,U,age,5,0
69ea7539af154597af79cae6caa3e9a6,U,age,6,0
69ea7539af154597af79cae6caa3e9a6,U,age,7,0
69ea7539af154597af79cae6caa3e9a6,U,gender,1,1
69ea7539af154597af79cae6caa3e9a6,U,gender,2,0
69ea7539af154597af79cae6caa3e9a6,U,gender,3,0
69ea7539af154597af79cae6caa3e9a6,U,gender,4,0
69ea7539af154597af79cae6caa3e9a6,U,gender,5,0
69ea7539af154597af79cae6caa3e9a6,U,gender,6,0
69ea7539af154597af79cae6caa3e9a6,U,language,1,0
69ea7539af154597af79cae6caa3e9a6,U,language,2,0
69ea7539af154597af79cae6caa3e9a6,U,language,3,0
69ea7539af154597af79cae6caa3e9a6,U,language,4,0
69ea7539af154597af79cae6caa3e9a6,U,language,5,1
69ea7539af154597af79cae6caa3e9a6,U,language,6,0
69ea7539af154597af79cae6caa3e9a6,U,language,7,0
354be11f94a64eb08d1da2b89afb1bfc,U,age,1,1
354be11f94a64eb08d1da2b89afb1bfc,U,age,2,0
354be11f94a64eb08d1da2b89afb1bfc,U,age,3,0
354be11f94a64eb08d1da2b89afb1bfc,U,age,4,0
354be11f94a64eb08d1da2b89afb1bfc,U,age,5,0
354be11f94a64eb08d1da2b89afb1bfc,U,age,6,0
354be11f94a64eb08d1da2b89afb1bfc,U,age,7,0
354be11f94a64eb08d1da2b89afb1bfc,U,gender,1,1
354be11f94a64eb08d1da2b89afb1bfc,U,gender,2,0
354be11f94a64eb08d1da2b89afb1bfc,U,gender,3,0
354be11f94a64eb08d1da2b89afb1bfc,U,gender,4,0
354be11f94a64eb08d1da2b89afb1bfc,U,gender,5,0
354be11f94a64eb08d1da2b89afb1bfc,U,gender,6,0
354be11f94a64eb08d1da2b89afb1bfc,U,language,1,0
354be11f94a64eb08d1da2b89afb1bfc,U,language,2,0
354be11f94a64eb08d1da2b89afb1bfc,U,language,3,1
354be11f94a64eb08d1da2b89afb1bfc,U,language,4,0
354be11f94a64eb08d1da2b89afb1bfc,U,language,5,0
354be11f94a64eb08d1da2b89afb1bfc,U,language,6,0
354be11f94a64eb08d1da2b89afb1bfc,U,language,7,0
36e5acc0b33c4d4f8481f56cd4efe696,U,age,1,1
36e5acc0b33c4d4f8481f56cd4efe696,U,age,2,0
36e5acc0b33c4d4f8481f56cd4efe696,U,age,3,0
36e5acc0b33c4d4f8481f56cd4efe696,U,age,4,0
36e5acc0b33c4d4f8481f56cd4efe696,U,age,5,0
36e5acc0b33c4d4f8481f56cd4efe696,U,age,6,0
36e5acc0b33c4d4f8481f56cd4efe696,U,age,7,0
36e5acc0b33c4d4f8481f56cd4efe696,U,gender,1,1
36e5acc0b33c4d4f8481f56cd4efe696,U,gender,2,0
36e5acc0b33c4d4f8481f56cd4efe696,U,gender,3,0
36e5acc0b33c4d4f8481f56cd4efe696,U,gender,4,0
36e5acc0b33c4d4f8481f56cd4efe696,U,gender,5,0
36e5acc0b33c4d4f8481f56cd4efe696,U,gender,6,0
36e5acc0b33c4d4f8481f56cd4efe696,U,language,1,0
36e5acc0b33c4d4f8481f56cd4efe696,U,language,2,0
36e5acc0b33c4d4f8481f56cd4efe696,U,language,3,0
36e5acc0b33c4d4f8481f56cd4efe696,U,language,4,1
36e5acc0b33c4d4f8481f56cd4efe696,U,language,5,0
36e5acc0b33c4d4f8481f56cd4efe696,U,language,6,0
36e5acc0b33c4d4f8481f56cd4efe696,U,language,7,0
927cf8b734aa451291660cc6e55c4c60,U,age,1,1
927cf8b734aa451291660cc6e55c4c60,U,age,2,0
927cf8b734aa451291660cc6e55c4c60,U,age,3,0
927cf8b734aa451291660cc6e55c4c60,U,age,4,0
927cf8b734aa451291660cc6e55c4c60,U,age,5,0
927cf8b734aa451291660cc6e55c4c60,U,age,6,0
927cf8b734aa451291660cc6e55c4c60,U,age,7,0
927cf8b734aa451291660cc6e55c4c60,U,gender,1,1
927cf8b734aa451291660cc6e55c4c60,U,gender,2,0
927cf8b734aa451291660cc6e55c4c60,U,gender,3,0
927cf8b734aa451291660cc6e55c4c60,U,gender,4,0
927cf8b734aa451291660cc6e55c4c60,U,gender,5,0
927cf8b734aa451291660cc6e55c4c60,U,gender,6,0
927cf8b734aa451291660cc6e55c4c60,U,language,1,0
927cf8b734aa451291660cc6e55c4c60,U,language,2,0
927cf8b734aa451291660cc6e55c4c60,U,language,3,1
927cf8b734aa451291660cc6e55c4c60,U,language,4,0
927cf8b734aa451291660cc6e55c4c60,U,language,5,0
927cf8b734aa451291660cc6e55c4c60,U,language,6,0
927cf8b734aa451291660cc6e55c4c60,U,language,7,0
66311034328a4f0f82032dd810f4fd30,U,age,1,1
66311034328a4f0f82032dd810f4fd30,U,age,2,0
66311034328a4f0f82032dd810f4fd30,U,age,3,0
66311034328a4f0f82032dd810f4fd30,U,age,4,0
66311034328a4f0f82032dd810f4fd30,U,age,5,0
66311034328a4f0f82032dd810f4fd30,U,age,6,0
66311034328a4f0f82032dd810f4fd30,U,age,7,0
66311034328a4f0f82032dd810f4fd30,U,gender,1,1
66311034328a4f0f82032dd810f4fd30,U,gender,2,0
66311034328a4f0f82032dd810f4fd30,U,gender,3,0
66311034328a4f0f82032dd810f4fd30,U,gender,4,0
66311034328a4f0f82032dd810f4fd30,U,gender,5,0
66311034328a4f0f82032dd810f4fd30,U,gender,6,0
66311034328a4f0f82032dd810f4fd30,U,language,1,0
66311034328a4f0f82032dd810f4fd30,U,language,2,0
66311034328a4f0f82032dd810f4fd30,U,language,3,1
66311034328a4f0f82032dd810f4fd30,U,language,4,0
66311034328a4f0f82032dd810f4fd30,U,language,5,0
66311034328a4f0f82032dd810f4fd30,U,language,6,0
66311034328a4f0f82032dd810f4fd30,U,language,7,0
e1364da8330c41498bb5fcf66c47f40f,U,age,1,1
e1364da8330c41498bb5fcf66c47f40f,U,age,2,0
e1364da8330c41498bb5fcf66c47f40f,U,age,3,0
e1364da8330c41498bb5fcf66c47f40f,U,age,4,0
e1364da8330c41498bb5fcf66c47f40f,U,age,5,0
e1364da8330c41498bb5fcf66c47f40f,U,age,6,0
e1364da8330c41498bb5fcf66c47f40f,U,age,7,0
e1364da8330c41498bb5fcf66c47f40f,U,gender,1,0
e1364da8330c41498bb5fcf66c47f40f,U,gender,2,1
e1364da8330c41498bb5fcf66c47f40f,U,gender,3,0
e1364da8330c41498bb5fcf66c47f40f,U,gender,4,0
e1364da8330c41498bb5fcf66c47f40f,U,gender,5,0
e1364da8330c41498bb5fcf66c47f40f,U,gender,6,0
e1364da8330c41498bb5fcf66c47f40f,U,language,1,1
e1364da8330c41498bb5fcf66c47f40f,U,language,2,0
e1364da8330c41498bb5fcf66c47f40f,U,language,3,0
e1364da8330c41498bb5fcf66c47f40f,U,language,4,0
e1364da8330c41498bb5fcf66c47f40f,U,language,5,0
e1364da8330c41498bb5fcf66c47f40f,U,language,6,0
e1364da8330c41498bb5fcf66c47f40f,U,language,7,0
662c58127f3d4ebbb43ceb397bbabb85,U,age,1,0
662c58127f3d4ebbb43ceb397bbabb85,U,age,2,1
662c58127f3d4ebbb43ceb397bbabb85,U,age,3,0
662c58127f3d4ebbb43ceb397bbabb85,U,age,4,0
662c58127f3d4ebbb43ceb397bbabb85,U,age,5,0
662c58127f3d4ebbb43ceb397bbabb85,U,age,6,0
662c58127f3d4ebbb43ceb397bbabb85,U,age,7,0
662c58127f3d4ebbb43ceb397bbabb85,U,gender,1,0
662c58127f3d4ebbb43ceb397bbabb85,U,gender,2,1
662c58127f3d4ebbb43ceb397bbabb85,U,gender,3,0
662c58127f3d4ebbb43ceb397bbabb85,U,gender,4,0
662c58127f3d4ebbb43ceb397bbabb85,U,gender,5,0
662c58127f3d4ebbb43ceb397bbabb85,U,gender,6,0
662c58127f3d4ebbb43ceb397bbabb85,U,language,1,0
662c58127f3d4ebbb43ceb397bbabb85,U,language,2,0
662c58127f3d4ebbb43ceb397bbabb85,U,language,3,0
662c58127f3d4ebbb43ceb397bbabb85,U,language,4,1
662c58127f3d4ebbb43ceb397bbabb85,U,language,5,0
662c58127f3d4ebbb43ceb397bbabb85,U,language,6,0
662c58127f3d4ebbb43ceb397bbabb85,U,language,7,0
f8c38f6874a94db5a3fd5e7d50619bc2,U,age,1,0
f8c38f6874a94db5a3fd5e7d50619bc2,U,age,2,1
f8c38f6874a94db5a3fd5e7d50619bc2,U,age,3,0
f8c38f6874a94db5a3fd5e7d50619bc2,U,age,4,0
f8c38f6874a94db5a3fd5e7d50619bc2,U,age,5,0
f8c38f6874a94db5a3fd5e7d50619bc2,U,age,6,0
f8c38f6874a94db5a3fd5e7d50619bc2,U,age,7,0
f8c38f6874a94db5a3fd5e7d50619bc2,U,gender,1,0
f8c38f6874a94db5a3fd5e7d50619bc2,U,gender,2,1
f8c38f6874a94db5a3fd5e7d50619bc2,U,gender,3,0
f8c38f6874a94db5a3fd5e7d50619bc2,U,gender,4,0
f8c38f6874a94db5a3fd5e7d50619bc2,U,gender,5,0
f8c38f6874a94db5a3fd5e7d50619bc2,U,gender,6,0
f8c38f6874a94db5a3fd5e7d50619bc2,U,language,1,0
f8c38f6874a94db5a3fd5e7d50619bc2,U,language,2,0
f8c38f6874a94db5a3fd5e7d50619bc2,U,language,3,1
f8c38f6874a94db5a3fd5e7d50619bc2,U,language,4,0
f8c38f6874a94db5a3fd5e7d50619bc2,U,language,5,0
f8c38f6874a94db5a3fd5e7d50619bc2,U,language,6,0
f8c38f6874a94db5a3fd5e7d50619bc2,U,language,7,0
fda28ae2441643f48ccc6ad8619d3ae4,U,age,1,1
fda28ae2441643f48ccc6ad8619d3ae4,U,age,2,0
fda28ae2441643f48ccc6ad8619d3ae4,U,age,3,0
fda28ae2441643f48ccc6ad8619d3ae4,U,age,4,0
fda28ae2441643f48ccc6ad8619d3ae4,U,age,5,0
fda28ae2441643f48ccc6ad8619d3ae4,U,age,6,0
fda28ae2441643f48ccc6ad8619d3ae4,U,age,7,0
fda28ae2441643f48ccc6ad8619d3ae4,U,gender,1,0
fda28ae2441643f48ccc6ad8619d3ae4,U,gender,2,1
fda28ae2441643f48ccc6ad8619d3ae4,U,gender,3,0
fda28ae2441643f48ccc6ad8619d3ae4,U,gender,4,0
fda28ae2441643f48ccc6ad8619d3ae4,U,gender,5,0
fda28ae2441643f48ccc6ad8619d3ae4,U,gender,6,0
fda28ae2441643f48ccc6ad8619d3ae4,U,language,1,0
fda28ae2441643f48ccc6ad8619d3ae4,U,language,2,0
fda28ae2441643f48ccc6ad8619d3ae4,U,language,3,1
fda28ae2441643f48ccc6ad8619d3ae4,U,language,4,0
fda28ae2441643f48ccc6ad8619d3ae4,U,language,5,0
fda28ae2441643f48ccc6ad8619d3ae4,U,language,6,0
fda28ae2441643f48ccc6ad8619d3ae4,U,language,7,0
51964507adc04b89abaa923d9130ee63,U,age,1,0
51964507adc04b89abaa923d9130ee63,U,age,2,1
51964507adc04b89abaa923d9130ee63,U,age,3,0
51964507adc04b89abaa923d9130ee63,U,age,4,0
51964507adc04b89abaa923d9130ee63,U,age,5,0
51964507adc04b89abaa923d9130ee63,U,age,6,0
51964507adc04b89abaa923d9130ee63,U,age,7,0
51964507adc04b89abaa923d9130ee63,U,gender,1,1
51964507adc04b89abaa923d9130ee63,U,gender,2,0
51964507adc04b89abaa923d9130ee63,U,gender,3,0
51964507adc04b89abaa923d9130ee63,U,gender,4,0
51964507adc04b89abaa923d9130ee63,U,gender,5,0
51964507adc04b89abaa923d9130ee63,U,gender,6,0
51964507adc04b89abaa923d9130ee63,U,language,1,0
51964507adc04b89abaa923d9130ee63,U,language,2,0
51964507adc04b89abaa923d9130ee63,U,language,3,0
51964507adc04b89abaa923d9130ee63,U,language,4,1
51964507adc04b89abaa923d9130ee63,U,language,5,0
51964507adc04b89abaa923d9130ee63,U,language,6,0
51964507adc04b89abaa923d9130ee63,U,language,7,0
39d6550eb2f54f0f8eb9f6237276ddc4,U,age,1,1
39d6550eb2f54f0f8eb9f6237276ddc4,U,age,2,0
39d6550eb2f54f0f8eb9f6237276ddc4,U,age,3,0
39d6550eb2f54f0f8eb9f6237276ddc4,U,age,4,0
39d6550eb2f54f0f8eb9f6237276ddc4,U,age,5,0
39d6550eb2f54f0f8eb9f6237276ddc4,U,age,6,0
39d6550eb2f54f0f8eb9f6237276ddc4,U,age,7,0
39d6550eb2f54f0f8eb9f6237276ddc4,U,gender,1,1
39d6550eb2f54f0f8eb9f6237276ddc4,U,gender,2,0
39d6550eb2f54f0f8eb9f6237276ddc4,U,gender,3,0
39d6550eb2f54f0f8eb9f6237276ddc4,U,gender,4,0
39d6550eb2f54f0f8eb9f6237276ddc4,U,gender,5,0
39d6550eb2f54f0f8eb9f6237276ddc4,U,gender,6,0
39d6550eb2f54f0f8eb9f6237276ddc4,U,language,1,0
39d6550eb2f54f0f8eb9f6237276ddc4,U,language,2,1
39d6550eb2f54f0f8eb9f6237276ddc4,U,language,3,0
39d6550eb2f54f0f8eb9f6237276ddc4,U,language,4,0
39d6550eb2f54f0f8eb9f6237276ddc4,U,language,5,0
39d6550eb2f54f0f8eb9f6237276ddc4,U,language,6,0
39d6550eb2f54f0f8eb9f6237276ddc4,U,language,7,0
d4caf5404b7446ea88c1aaf2562cb5af,U,age,1,0
d4caf5404b7446ea88c1aaf2562cb5af,U,age,2,1
d4caf5404b7446ea88c1aaf2562cb5af,U,age,3,0
d4caf5404b7446ea88c1aaf2562cb5af,U,age,4,0
d4caf5404b7446ea88c1aaf2562cb5af,U,age,5,0
d4caf5404b7446ea88c1aaf2562cb5af,U,age,6,0
d4caf5404b7446ea88c1aaf2562cb5af,U,age,7,0
d4caf5404b7446ea88c1aaf2562cb5af,U,gender,1,1
d4caf5404b7446ea88c1aaf2562cb5af,U,gender,2,0
d4caf5404b7446ea88c1aaf2562cb5af,U,gender,3,0
d4caf5404b7446ea88c1aaf2562cb5af,U,gender,4,0
d4caf5404b7446ea88c1aaf2562cb5af,U,gender,5,0
d4caf5404b7446ea88c1aaf2562cb5af,U,gender,6,0
d4caf5404b7446ea88c1aaf2562cb5af,U,language,1,0
d4caf5404b7446ea88c1aaf2562cb5af,U,language,2,0
d4caf5404b7446ea88c1aaf2562cb5af,U,language,3,0
d4caf5404b7446ea88c1aaf2562cb5af,U,language,4,1
d4caf5404b7446ea88c1aaf2562cb5af,U,language,5,0
d4caf5404b7446ea88c1aaf2562cb5af,U,language,6,0
d4caf5404b7446ea88c1aaf2562cb5af,U,language,7,0
1dfeffea9d42414fa434e98577561756,U,age,1,0
1dfeffea9d42414fa434e98577561756,U,age,2,1
1dfeffea9d42414fa434e98577561756,U,age,3,0
1dfeffea9d42414fa434e98577561756,U,age,4,0
1dfeffea9d42414fa434e98577561756,U,age,5,0
1dfeffea9d42414fa434e98577561756,U,age,6,0
1dfeffea9d42414fa434e98577561756,U,age,7,0
1dfeffea9d42414fa434e98577561756,U,gender,1,0
1dfeffea9d42414fa434e98577561756,U,gender,2,1
1dfeffea9d42414fa434e98577561756,U,gender,3,0
1dfeffea9d42414fa434e98577561756,U,gender,4,0
1dfeffea9d42414fa434e98577561756,U,gender,5,0
1dfeffea9d42414fa434e98577561756,U,gender,6,0
1dfeffea9d42414fa434e98577561756,U,language,1,0
1dfeffea9d42414fa434e98577561756,U,language,2,1
1dfeffea9d42414fa434e98577561756,U,language,3,0
1dfeffea9d42414fa434e98577561756,U,language,4,0
1dfeffea9d42414fa434e98577561756,U,language,5,0
1dfeffea9d42414fa434e98577561756,U,language,6,0
1dfeffea9d42414fa434e98577561756,U,language,7,0
c719317cf07d43af9caa4034b410d2ce,U,age,1,1
c719317cf07d43af9caa4034b410d2ce,U,age,2,0
c719317cf07d43af9caa4034b410d2ce,U,age,3,0
c719317cf07d43af9caa4034b410d2ce,U,age,4,0
c719317cf07d43af9caa4034b410d2ce,U,age,5,0
c719317cf07d43af9caa4034b410d2ce,U,age,6,0
c719317cf07d43af9caa4034b410d2ce,U,age,7,0
c719317cf07d43af9caa4034b410d2ce,U,gender,1,1
c719317cf07d43af9caa4034b410d2ce,U,gender,2,0
c719317cf07d43af9caa4034b410d2ce,U,gender,3,0
c719317cf07d43af9caa4034b410d2ce,U,gender,4,0
c719317cf07d43af9caa4034b410d2ce,U,gender,5,0
c719317cf07d43af9caa4034b410d2ce,U,gender,6,0
c719317cf07d43af9caa4034b410d2ce,U,language,1,0
c719317cf07d43af9caa4034b410d2ce,U,language,2,0
c719317cf07d43af9caa4034b410d2ce,U,language,3,0
c719317cf07d43af9caa4034b410d2ce,U,language,4,0
c719317cf07d43af9caa4034b410d2ce,U,language,5,1
c719317cf07d43af9caa4034b410d2ce,U,language,6,0
c719317cf07d43af9caa4034b410d2ce,U,language,7,0
212e49e5507e4e2ba8f64ac175973e80,U,age,1,1
212e49e5507e4e2ba8f64ac175973e80,U,age,2,0
212e49e5507e4e2ba8f64ac175973e80,U,age,3,0
212e49e5507e4e2ba8f64ac175973e80,U,age,4,0
212e49e5507e4e2ba8f64ac175973e80,U,age,5,0
212e49e5507e4e2ba8f64ac175973e80,U,age,6,0
212e49e5507e4e2ba8f64ac175973e80,U,age,7,0
212e49e5507e4e2ba8f64ac175973e80,U,gender,1,1
212e49e5507e4e2ba8f64ac175973e80,U,gender,2,0
212e49e5507e4e2ba8f64ac175973e80,U,gender,3,0
212e49e5507e4e2ba8f64ac175973e80,U,gender,4,0
212e49e5507e4e2ba8f64ac175973e80,U,gender,5,0
212e49e5507e4e2ba8f64ac175973e80,U,gender,6,0
212e49e5507e4e2ba8f64ac175973e80,U,language,1,0
212e49e5507e4e2ba8f64ac175973e80,U,language,2,0
212e49e5507e4e2ba8f64ac175973e80,U,language,3,1
212e49e5507e4e2ba8f64ac175973e80,U,language,4,0
212e49e5507e4e2ba8f64ac175973e80,U,language,5,0
212e49e5507e4e2ba8f64ac175973e80,U,language,6,0
212e49e5507e4e2ba8f64ac175973e80,U,language,7,0
61aff87f981c47a79c836d941d5566dc,U,age,1,0
61aff87f981c47a79c836d941d5566dc,U,age,2,1
61aff87f981c47a79c836d941d5566dc,U,age,3,0
61aff87f981c47a79c836d941d5566dc,U,age,4,0
61aff87f981c47a79c836d941d5566dc,U,age,5,0
61aff87f981c47a79c836d941d5566dc,U,age,6,0
61aff87f981c47a79c836d941d5566dc,U,age,7,0
61aff87f981c47a79c836d941d5566dc,U,gender,1,0
61aff87f981c47a79c836d941d5566dc,U,gender,2,1
61aff87f981c47a79c836d941d5566dc,U,gender,3,0
61aff87f981c47a79c836d941d5566dc,U,gender,4,0
61aff87f981c47a79c836d941d5566dc,U,gender,5,0
61aff87f981c47a79c836d941d5566dc,U,gender,6,0
61aff87f981c47a79c836d941d5566dc,U,language,1,0
61aff87f981c47a79c836d941d5566dc,U,language,2,0
61aff87f981c47a79c836d941d5566dc,U,language,3,0
61aff87f981c47a79c836d941d5566dc,U,language,4,1
61aff87f981c47a79c836d941d5566dc,U,language,5,0
61aff87f981c47a79c836d941d5566dc,U,language,6,0
61aff87f981c47a79c836d941d5566dc,U,language,7,0
f462d889ce574232815a6427abe9f9ff,U,age,1,1
f462d889ce574232815a6427abe9f9ff,U,age,2,0
f462d889ce574232815a6427abe9f9ff,U,age,3,0
f462d889ce574232815a6427abe9f9ff,U,age,4,0
f462d889ce574232815a6427abe9f9ff,U,age,5,0
f462d889ce574232815a6427abe9f9ff,U,age,6,0
f462d889ce574232815a6427abe9f9ff,U,age,7,0
f462d889ce574232815a6427abe9f9ff,U,gender,1,0
f462d889ce574232815a6427abe9f9ff,U,gender,2,1
f462d889ce574232815a6427abe9f9ff,U,gender,3,0
f462d889ce574232815a6427abe9f9ff,U,gender,4,0
f462d889ce574232815a6427abe9f9ff,U,gender,5,0
f462d889ce574232815a6427abe9f9ff,U,gender,6,0
f462d889ce574232815a6427abe9f9ff,U,language,1,0
f462d889ce574232815a6427abe9f9ff,U,language,2,0
f462d889ce574232815a6427abe9f9ff,U,language,3,0
f462d889ce574232815a6427abe9f9ff,U,language,4,1
f462d889ce574232815a6427abe9f9ff,U,language,5,0
f462d889ce574232815a6427abe9f9ff,U,language,6,0
f462d889ce574232815a6427abe9f9ff,U,language,7,0
2a42931100684fb286efff30c3d80a09,U,age,1,0
2a42931100684fb286efff30c3d80a09,U,age,2,1
2a42931100684fb286efff30c3d80a09,U,age,3,0
2a42931100684fb286efff30c3d80a09,U,age,4,0
2a42931100684fb286efff30c3d80a09,U,age,5,0
2a42931100684fb286efff30c3d80a09,U,age,6,0
2a42931100684fb286efff30c3d80a09,U,age,7,0
2a42931100684fb286efff30c3d80a09,U,gender,1,1
2a42931100684fb286efff30c3d80a09,U,gender,2,0
2a42931100684fb286efff30c3d80a09,U,gender,3,0
2a42931100684fb286efff30c3d80a09,U,gender,4,0
2a42931100684fb286efff30c3d80a09,U,gender,5,0
2a42931100684fb286efff30c3d80a09,U,gender,6,0
2a42931100684fb286efff30c3d80a09,U,language,1,0
2a42931100684fb286efff30c3d80a09,U,language,2,0
2a42931100684fb286efff30c3d80a09,U,language,3,1
2a42931100684fb286efff30c3d80a09,U,language,4,0
2a42931100684fb286efff30c3d80a09,U,language,5,0
2a42931100684fb286efff30c3d80a09,U,language,6,0
2a42931100684fb286efff30c3d80a09,U,language,7,0
5a2baee664804d2f9414f03c2ff89918,U,age,1,0
5a2baee664804d2f9414f03c2ff89918,U,age,2,1
5a2baee664804d2f9414f03c2ff89918,U,age,3,0
5a2baee664804d2f9414f03c2ff89918,U,age,4,0
5a2baee664804d2f9414f03c2ff89918,U,age,5,0
5a2baee664804d2f9414f03c2ff89918,U,age,6,0
5a2baee664804d2f9414f03c2ff89918,U,age,7,0
5a2baee664804d2f9414f03c2ff89918,U,gender,1,1
5a2baee664804d2f9414f03c2ff89918,U,gender,2,0
5a2baee664804d2f9414f03c2ff89918,U,gender,3,0
5a2baee664804d2f9414f03c2ff89918,U,gender,4,0
5a2baee664804d2f9414f03c2ff89918,U,gender,5,0
5a2baee664804d2f9414f03c2ff89918,U,gender,6,0
5a2baee664804d2f9414f03c2ff89918,U,language,1,0
5a2baee664804d2f9414f03c2ff89918,U,language,2,0
5a2baee664804d2f9414f03c2ff89918,U,language,3,0
5a2baee664804d2f9414f03c2ff89918,U,language,4,1
5a2baee664804d2f9414f03c2ff89918,U,language,5,0
5a2baee664804d2f9414f03c2ff89918,U,language,6,0
5a2baee664804d2f9414f03c2ff89918,U,language,7,0
430a01be268244c9be06fee982185646,U,age,1,1
430a01be268244c9be06fee982185646,U,age,2,0
430a01be268244c9be06fee982185646,U,age,3,0
430a01be268244c9be06fee982185646,U,age,4,0
430a01be268244c9be06fee982185646,U,age,5,0
430a01be268244c9be06fee982185646,U,age,6,0
430a01be268244c9be06fee982185646,U,age,7,0
430a01be268244c9be06fee982185646,U,gender,1,1
430a01be268244c9be06fee982185646,U,gender,2,0
430a01be268244c9be06fee982185646,U,gender,3,0
430a01be268244c9be06fee982185646,U,gender,4,0
430a01be268244c9be06fee982185646,U,gender,5,0
430a01be268244c9be06fee982185646,U,gender,6,0
430a01be268244c9be06fee982185646,U,language,1,0
430a01be268244c9be06fee982185646,U,language,2,0
430a01be268244c9be06fee982185646,U,language,3,1
430a01be268244c9be06fee982185646,U,language,4,0
430a01be268244c9be06fee982185646,U,language,5,0
430a01be268244c9be06fee982185646,U,language,6,0
430a01be268244c9be06fee982185646,U,language,7,0
268ac69ff5dd4075abb76871c79c54f7,U,age,1,0
268ac69ff5dd4075abb76871c79c54f7,U,age,2,1
268ac69ff5dd4075abb76871c79c54f7,U,age,3,0
268ac69ff5dd4075abb76871c79c54f7,U,age,4,0
268ac69ff5dd4075abb76871c79c54f7,U,age,5,0
268ac69ff5dd4075abb76871c79c54f7,U,age,6,0
268ac69ff5dd4075abb76871c79c54f7,U,age,7,0
268ac69ff5dd4075abb76871c79c54f7,U,gender,1,1
268ac69ff5dd4075abb76871c79c54f7,U,gender,2,0
268ac69ff5dd4075abb76871c79c54f7,U,gender,3,0
268ac69ff5dd4075abb76871c79c54f7,U,gender,4,0
268ac69ff5dd4075abb76871c79c54f7,U,gender,5,0
268ac69ff5dd4075abb76871c79c54f7,U,gender,6,0
268ac69ff5dd4075abb76871c79c54f7,U,language,1,0
268ac69ff5dd4075abb76871c79c54f7,U,language,2,0
268ac69ff5dd4075abb76871c79c54f7,U,language,3,0
268ac69ff5dd4075abb76871c79c54f7,U,language,4,1
268ac69ff5dd4075abb76871c79c54f7,U,language,5,0
268ac69ff5dd4075abb76871c79c54f7,U,language,6,0
268ac69ff5dd4075abb76871c79c54f7,U,language,7,0
59d591f0437a47ec921f6469749529ca,U,age,1,0
59d591f0437a47ec921f6469749529ca,U,age,2,1
59d591f0437a47ec921f6469749529ca,U,age,3,0
59d591f0437a47ec921f6469749529ca,U,age,4,0
59d591f0437a47ec921f6469749529ca,U,age,5,0
59d591f0437a47ec921f6469749529ca,U,age,6,0
59d591f0437a47ec921f6469749529ca,U,age,7,0
59d591f0437a47ec921f6469749529ca,U,gender,1,1
59d591f0437a47ec921f6469749529ca,U,gender,2,0
59d591f0437a47ec921f6469749529ca,U,gender,3,0
59d591f0437a47ec921f6469749529ca,U,gender,4,0
59d591f0437a47ec921f6469749529ca,U,gender,5,0
59d591f0437a47ec921f6469749529ca,U,gender,6,0
59d591f0437a47ec921f6469749529ca,U,language,1,0
59d591f0437a47ec921f6469749529ca,U,language,2,0
59d591f0437a47ec921f6469749529ca,U,language,3,0
59d591f0437a47ec921f6469749529ca,U,language,4,0
59d591f0437a47ec921f6469749529ca,U,language,5,1
59d591f0437a47ec921f6469749529ca,U,language,6,0
59d591f0437a47ec921f6469749529ca,U,language,7,0
247a8af0d9134671be48637fc3c008fb,U,age,1,1
247a8af0d9134671be48637fc3c008fb,U,age,2,0
247a8af0d9134671be48637fc3c008fb,U,age,3,0
247a8af0d9134671be48637fc3c008fb,U,age,4,0
247a8af0d9134671be48637fc3c008fb,U,age,5,0
247a8af0d9134671be48637fc3c008fb,U,age,6,0
247a8af0d9134671be48637fc3c008fb,U,age,7,0
247a8af0d9134671be48637fc3c008fb,U,gender,1,0
247a8af0d9134671be48637fc3c008fb,U,gender,2,0
247a8af0d9134671be48637fc3c008fb,U,gender,3,0
247a8af0d9134671be48637fc3c008fb,U,gender,4,0
247a8af0d9134671be48637fc3c008fb,U,gender,5,0
247a8af0d9134671be48637fc3c008fb,U,gender,6,1
247a8af0d9134671be48637fc3c008fb,U,language,1,0
247a8af0d9134671be48637fc3c008fb,U,language,2,1
247a8af0d9134671be48637fc3c008fb,U,language,3,0
247a8af0d9134671be48637fc3c008fb,U,language,4,0
247a8af0d9134671be48637fc3c008fb,U,language,5,0
247a8af0d9134671be48637fc3c008fb,U,language,6,0
247a8af0d9134671be48637fc3c008fb,U,language,7,0
c064fdf4d9fb4ff990906e67889e2c2b,U,age,1,1
c064fdf4d9fb4ff990906e67889e2c2b,U,age,2,0
c064fdf4d9fb4ff990906e67889e2c2b,U,age,3,0
c064fdf4d9fb4ff990906e67889e2c2b,U,age,4,0
c064fdf4d9fb4ff990906e67889e2c2b,U,age,5,0
c064fdf4d9fb4ff990906e67889e2c2b,U,age,6,0
c064fdf4d9fb4ff990906e67889e2c2b,U,age,7,0
c064fdf4d9fb4ff990906e67889e2c2b,U,gender,1,1
c064fdf4d9fb4ff990906e67889e2c2b,U,gender,2,0
c064fdf4d9fb4ff990906e67889e2c2b,U,gender,3,0
c064fdf4d9fb4ff990906e67889e2c2b,U,gender,4,0
c064fdf4d9fb4ff990906e67889e2c2b,U,gender,5,0
c064fdf4d9fb4ff990906e67889e2c2b,U,gender,6,0
c064fdf4d9fb4ff990906e67889e2c2b,U,language,1,0
c064fdf4d9fb4ff990906e67889e2c2b,U,language,2,0
c064fdf4d9fb4ff990906e67889e2c2b,U,language,3,1
c064fdf4d9fb4ff990906e67889e2c2b,U,language,4,0
c064fdf4d9fb4ff990906e67889e2c2b,U,language,5,0
c064fdf4d9fb4ff990906e67889e2c2b,U,language,6,0
c064fdf4d9fb4ff990906e67889e2c2b,U,language,7,0
1c2a176cc4034978bb7ecc5fa5af2126,U,age,1,0
1c2a176cc4034978bb7ecc5fa5af2126,U,age,2,1
1c2a176cc4034978bb7ecc5fa5af2126,U,age,3,0
1c2a176cc4034978bb7ecc5fa5af2126,U,age,4,0
1c2a176cc4034978bb7ecc5fa5af2126,U,age,5,0
1c2a176cc4034978bb7ecc5fa5af2126,U,age,6,0
1c2a176cc4034978bb7ecc5fa5af2126,U,age,7,0
1c2a176cc4034978bb7ecc5fa5af2126,U,gender,1,0
1c2a176cc4034978bb7ecc5fa5af2126,U,gender,2,1
1c2a176cc4034978bb7ecc5fa5af2126,U,gender,3,0
1c2a176cc4034978bb7ecc5fa5af2126,U,gender,4,0
1c2a176cc4034978bb7ecc5fa5af2126,U,gender,5,0
1c2a176cc4034978bb7ecc5fa5af2126,U,gender,6,0
1c2a176cc4034978bb7ecc5fa5af2126,U,language,1,0
1c2a176cc4034978bb7ecc5fa5af2126,U,language,2,0
1c2a176cc4034978bb7ecc5fa5af2126,U,language,3,1
1c2a176cc4034978bb7ecc5fa5af2126,U,language,4,0
1c2a176cc4034978bb7ecc5fa5af2126,U,language,5,0
1c2a176cc4034978bb7ecc5fa5af2126,U,language,6,0
1c2a176cc4034978bb7ecc5fa5af2126,U,language,7,0
d09b0a9d4366485598c71f91b07cd95b,U,age,1,1
d09b0a9d4366485598c71f91b07cd95b,U,age,2,0
d09b0a9d4366485598c71f91b07cd95b,U,age,3,0
d09b0a9d4366485598c71f91b07cd95b,U,age,4,0
d09b0a9d4366485598c71f91b07cd95b,U,age,5,0
d09b0a9d4366485598c71f91b07cd95b,U,age,6,0
d09b0a9d4366485598c71f91b07cd95b,U,age,7,0
d09b0a9d4366485598c71f91b07cd95b,U,gender,1,0
d09b0a9d4366485598c71f91b07cd95b,U,gender,2,1
d09b0a9d4366485598c71f91b07cd95b,U,gender,3,0
d09b0a9d4366485598c71f91b07cd95b,U,gender,4,0
d09b0a9d4366485598c71f91b07cd95b,U,gender,5,0
d09b0a9d4366485598c71f91b07cd95b,U,gender,6,0
d09b0a9d4366485598c71f91b07cd95b,U,language,1,0
d09b0a9d4366485598c71f91b07cd95b,U,language,2,0
d09b0a9d4366485598c71f91b07cd95b,U,language,3,1
d09b0a9d4366485598c71f91b07cd95b,U,language,4,0
d09b0a9d4366485598c71f91b07cd95b,U,language,5,0
d09b0a9d4366485598c71f91b07cd95b,U,language,6,0
d09b0a9d4366485598c71f91b07cd95b,U,language,7,0
da1a3fad53294db9828514acc9822d6b,U,age,1,0
da1a3fad53294db9828514acc9822d6b,U,age,2,1
da1a3fad53294db9828514acc9822d6b,U,age,3,0
da1a3fad53294db9828514acc9822d6b,U,age,4,0
da1a3fad53294db9828514acc9822d6b,U,age,5,0
da1a3fad53294db9828514acc9822d6b,U,age,6,0
da1a3fad53294db9828514acc9822d6b,U,age,7,0
da1a3fad53294db9828514acc9822d6b,U,gender,1,0
da1a3fad53294db9828514acc9822d6b,U,gender,2,1
da1a3fad53294db9828514acc9822d6b,U,gender,3,0
da1a3fad53294db9828514acc9822d6b,U,gender,4,0
da1a3fad53294db9828514acc9822d6b,U,gender,5,0
da1a3fad53294db9828514acc9822d6b,U,gender,6,0
da1a3fad53294db9828514acc9822d6b,U,language,1,0
da1a3fad53294db9828514acc9822d6b,U,language,2,0
da1a3fad53294db9828514acc9822d6b,U,language,3,1
da1a3fad53294db9828514acc9822d6b,U,language,4,0
da1a3fad53294db9828514acc9822d6b,U,language,5,0
da1a3fad53294db9828514acc9822d6b,U,language,6,0
da1a3fad53294db9828514acc9822d6b,U,language,7,0
eb1c1acf70cf407c8038be4ffd6475ce,U,age,1,1
eb1c1acf70cf407c8038be4ffd6475ce,U,age,2,0
eb1c1acf70cf407c8038be4ffd6475ce,U,age,3,0
eb1c1acf70cf407c8038be4ffd6475ce,U,age,4,0
eb1c1acf70cf407c8038be4ffd6475ce,U,age,5,0
eb1c1acf70cf407c8038be4ffd6475ce,U,age,6,0
eb1c1acf70cf407c8038be4ffd6475ce,U,age,7,0
eb1c1acf70cf407c8038be4ffd6475ce,U,gender,1,1
eb1c1acf70cf407c8038be4ffd6475ce,U,gender,2,0
eb1c1acf70cf407c8038be4ffd6475ce,U,gender,3,0
eb1c1acf70cf407c8038be4ffd6475ce,U,gender,4,0
eb1c1acf70cf407c8038be4ffd6475ce,U,gender,5,0
eb1c1acf70cf407c8038be4ffd6475ce,U,gender,6,0
eb1c1acf70cf407c8038be4ffd6475ce,U,language,1,0
eb1c1acf70cf407c8038be4ffd6475ce,U,language,2,0
eb1c1acf70cf407c8038be4ffd6475ce,U,language,3,1
eb1c1acf70cf407c8038be4ffd6475ce,U,language,4,0
eb1c1acf70cf407c8038be4ffd6475ce,U,language,5,0
eb1c1acf70cf407c8038be4ffd6475ce,U,language,6,0
eb1c1acf70cf407c8038be4ffd6475ce,U,language,7,0
163a0d5089624701b3f3271ff3d1ca73,U,age,1,0
163a0d5089624701b3f3271ff3d1ca73,U,age,2,1
163a0d5089624701b3f3271ff3d1ca73,U,age,3,0
163a0d5089624701b3f3271ff3d1ca73,U,age,4,0
163a0d5089624701b3f3271ff3d1ca73,U,age,5,0
163a0d5089624701b3f3271ff3d1ca73,U,age,6,0
163a0d5089624701b3f3271ff3d1ca73,U,age,7,0
163a0d5089624701b3f3271ff3d1ca73,U,gender,1,0
163a0d5089624701b3f3271ff3d1ca73,U,gender,2,1
163a0d5089624701b3f3271ff3d1ca73,U,gender,3,0
163a0d5089624701b3f3271ff3d1ca73,U,gender,4,0
163a0d5089624701b3f3271ff3d1ca73,U,gender,5,0
163a0d5089624701b3f3271ff3d1ca73,U,gender,6,0
163a0d5089624701b3f3271ff3d1ca73,U,language,1,0
163a0d5089624701b3f3271ff3d1ca73,U,language,2,0
163a0d5089624701b3f3271ff3d1ca73,U,language,3,0
163a0d5089624701b3f3271ff3d1ca73,U,language,4,0
163a0d5089624701b3f3271ff3d1ca73,U,language,5,0
163a0d5089624701b3f3271ff3d1ca73,U,language,6,0
163a0d5089624701b3f3271ff3d1ca73,U,language,7,1
bb284246c5a64c258a92fa940218e855,C,age,1,0
bb284246c5a64c258a92fa940218e855,C,age,2,1
bb284246c5a64c258a92fa940218e855,C,age,3,0
bb284246c5a64c258a92fa940218e855,C,age,4,0
bb284246c5a64c258a92fa940218e855,C,age,5,0
bb284246c5a64c258a92fa940218e855,C,age,6,0
bb284246c5a64c258a92fa940218e855,C,age,7,0
bb284246c5a64c258a92fa940218e855,C,gender,1,1
bb284246c5a64c258a92fa940218e855,C,gender,2,0
bb284246c5a64c258a92fa940218e855,C,gender,3,0
bb284246c5a64c258a92fa940218e855,C,gender,4,0
bb284246c5a64c258a92fa940218e855,C,gender,5,0
bb284246c5a64c258a92fa940218e855,C,gender,6,0
bb284246c5a64c258a92fa940218e855,C,language,1,0
bb284246c5a64c258a92fa940218e855,C,language,2,0
bb284246c5a64c258a92fa940218e855,C,language,3,1
bb284246c5a64c258a92fa940218e855,C,language,4,0
bb284246c5a64c258a92fa940218e855,C,language,5,0
bb284246c5a64c258a92fa940218e855,C,language,6,0
bb284246c5a64c258a92fa940218e855,C,language,7,0
69ea7539af154597af79cae6caa3e966,C,age,1,1
69ea7539af154597af79cae6caa3e966,C,age,2,0
69ea7539af154597af79cae6caa3e966,C,age,3,0
69ea7539af154597af79cae6caa3e966,C,age,4,0
69ea7539af154597af79cae6caa3e966,C,age,5,0
69ea7539af154597af79cae6caa3e966,C,age,6,0
69ea7539af154597af79cae6caa3e966,C,age,7,0
69ea7539af154597af79cae6caa3e966,C,gender,1,1
69ea7539af154597af79cae6caa3e966,C,gender,2,0
69ea7539af154597af79cae6caa3e966,C,gender,3,0
69ea7539af154597af79cae6caa3e966,C,gender,4,0
69ea7539af154597af79cae6caa3e966,C,gender,5,0
69ea7539af154597af79cae6caa3e966,C,gender,6,0
69ea7539af154597af79cae6caa3e966,C,language,1,0
69ea7539af154597af79cae6caa3e966,C,language,2,0
69ea7539af154597af79cae6caa3e966,C,language,3,0
69ea7539af154597af79cae6caa3e966,C,language,4,0
69ea7539af154597af79cae6caa3e966,C,language,5,1
69ea7539af154597af79cae6caa3e966,C,language,6,0
69ea7539af154597af79cae6caa3e966,C,language,7,0
354be11f94a64eb08d1da2b89afb1bfd,C,age,1,1
354be11f94a64eb08d1da2b89afb1bfd,C,age,2,0
354be11f94a64eb08d1da2b89afb1bfd,C,age,3,0
354be11f94a64eb08d1da2b89afb1bfd,C,age,4,0
354be11f94a64eb08d1da2b89afb1bfd,C,age,5,0
354be11f94a64eb08d1da2b89afb1bfd,C,age,6,0
354be11f94a64eb08d1da2b89afb1bfd,C,age,7,0
354be11f94a64eb08d1da2b89afb1bfd,C,gender,1,0
354be11f94a64eb08d1da2b89afb1bfd,C,gender,2,1
354be11f94a64eb08d1da2b89afb1bfd,C,gender,3,0
354be11f94a64eb08d1da2b89afb1bfd,C,gender,4,0
354be11f94a64eb08d1da2b89afb1bfd,C,gender,5,0
354be11f94a64eb08d1da2b89afb1bfd,C,gender,6,0
354be11f94a64eb08d1da2b89afb1bfd,C,language,1,0
354be11f94a64eb08d1da2b89afb1bfd,C,language,2,0
354be11f94a64eb08d1da2b89afb1bfd,C,language,3,1
354be11f94a64eb08d1da2b89afb1bfd,C,language,4,0
354be11f94a64eb08d1da2b89afb1bfd,C,language,5,0
354be11f94a64eb08d1da2b89afb1bfd,C,language,6,0
354be11f94a64eb08d1da2b89afb1bfd,C,language,7,0
36e5acc0b33c4d4f8481f56cd4efe696,C,age,1,1
36e5acc0b33c4d4f8481f56cd4efe696,C,age,2,0
36e5acc0b33c4d4f8481f56cd4efe696,C,age,3,0
36e5acc0b33c4d4f8481f56cd4efe696,C,age,4,0
36e5acc0b33c4d4f8481f56cd4efe696,C,age,5,0
36e5acc0b33c4d4f8481f56cd4efe696,C,age,6,0
36e5acc0b33c4d4f8481f56cd4efe696,C,age,7,0
36e5acc0b33c4d4f8481f56cd4efe696,C,gender,1,0
36e5acc0b33c4d4f8481f56cd4efe696,C,gender,2,1
36e5acc0b33c4d4f8481f56cd4efe696,C,gender,3,0
36e5acc0b33c4d4f8481f56cd4efe696,C,gender,4,0
36e5acc0b33c4d4f8481f56cd4efe696,C,gender,5,0
36e5acc0b33c4d4f8481f56cd4efe696,C,gender,6,0
36e5acc0b33c4d4f8481f56cd4efe696,C,language,1,0
36e5acc0b33c4d4f8481f56cd4efe696,C,language,2,0
36e5acc0b33c4d4f8481f56cd4efe696,C,language,3,0
36e5acc0b33c4d4f8481f56cd4efe696,C,language,4,1
36e5acc0b33c4d4f8481f56cd4efe696,C,language,5,0
36e5acc0b33c4d4f8481f56cd4efe696,C,language,6,0
36e5acc0b33c4d4f8481f56cd4efe696,C,language,7,0
927cf8b734aa451291660cc6e55c4c60,C,age,1,1
927cf8b734aa451291660cc6e55c4c60,C,age,2,0
927cf8b734aa451291660cc6e55c4c60,C,age,3,0
927cf8b734aa451291660cc6e55c4c60,C,age,4,0
927cf8b734aa451291660cc6e55c4c60,C,age,5,0
927cf8b734aa451291660cc6e55c4c60,C,age,6,0
927cf8b734aa451291660cc6e55c4c60,C,age,7,0
927cf8b734aa451291660cc6e55c4c60,C,gender,1,0
927cf8b734aa451291660cc6e55c4c60,C,gender,2,1
927cf8b734aa451291660cc6e55c4c60,C,gender,3,0
927cf8b734aa451291660cc6e55c4c60,C,gender,4,0
927cf8b734aa451291660cc6e55c4c60,C,gender,5,0
927cf8b734aa451291660cc6e55c4c60,C,gender,6,0
927cf8b734aa451291660cc6e55c4c60,C,language,1,0
927cf8b734aa451291660cc6e55c4c60,C,language,2,0
927cf8b734aa451291660cc6e55c4c60,C,language,3,1
927cf8b734aa451291660cc6e55c4c60,C,language,4,0
927cf8b734aa451291660cc6e55c4c60,C,language,5,0
927cf8b734aa451291660cc6e55c4c60,C,language,6,0
927cf8b734aa451291660cc6e55c4c60,C,language,7,0
66311034328a4f0f82032dd810f4fd30,C,age,1,1
66311034328a4f0f82032dd810f4fd30,C,age,2,0
66311034328a4f0f82032dd810f4fd30,C,age,3,0
66311034328a4f0f82032dd810f4fd30,C,age,4,0
66311034328a4f0f82032dd810f4fd30,C,age,5,0
66311034328a4f0f82032dd810f4fd30,C,age,6,0
66311034328a4f0f82032dd810f4fd30,C,age,7,0
66311034328a4f0f82032dd810f4fd30,C,gender,1,0
66311034328a4f0f82032dd810f4fd30,C,gender,2,1
66311034328a4f0f82032dd810f4fd30,C,gender,3,0
66311034328a4f0f82032dd810f4fd30,C,gender,4,0
66311034328a4f0f82032dd810f4fd30,C,gender,5,0
66311034328a4f0f82032dd810f4fd30,C,gender,6,0
66311034328a4f0f82032dd810f4fd30,C,language,1,0
66311034328a4f0f82032dd810f4fd30,C,language,2,0
66311034328a4f0f82032dd810f4fd30,C,language,3,1
66311034328a4f0f82032dd810f4fd30,C,language,4,0
66311034328a4f0f82032dd810f4fd30,C,language,5,0
66311034328a4f0f82032dd810f4fd30,C,language,6,0
66311034328a4f0f82032dd810f4fd30,C,language,7,0
e1364da8330c41498bb5fcf66c47f40f,C,age,1,1
e1364da8330c41498bb5fcf66c47f40f,C,age,2,0
e1364da8330c41498bb5fcf66c47f40f,C,age,3,0
e1364da8330c41498bb5fcf66c47f40f,C,age,4,0
e1364da8330c41498bb5fcf66c47f40f,C,age,5,0
e1364da8330c41498bb5fcf66c47f40f,C,age,6,0
e1364da8330c41498bb5fcf66c47f40f,C,age,7,0
e1364da8330c41498bb5fcf66c47f40f,C,gender,1,0
e1364da8330c41498bb5fcf66c47f40f,C,gender,2,1
e1364da8330c41498bb5fcf66c47f40f,C,gender,3,0
e1364da8330c41498bb5fcf66c47f40f,C,gender,4,0
e1364da8330c41498bb5fcf66c47f40f,C,gender,5,0
e1364da8330c41498bb5fcf66c47f40f,C,gender,6,0
e1364da8330c41498bb5fcf66c47f40f,C,language,1,1
e1364da8330c41498bb5fcf66c47f40f,C,language,2,0
e1364da8330c41498bb5fcf66c47f40f,C,language,3,0
e1364da8330c41498bb5fcf66c47f40f,C,language,4,0
e1364da8330c41498bb5fcf66c47f40f,C,language,5,0
e1364da8330c41498bb5fcf66c47f40f,C,language,6,0
e1364da8330c41498bb5fcf66c47f40f,C,language,7,0
662c58127f3d4ebbb43ceb397bbabb85,C,age,1,0
662c58127f3d4ebbb43ceb397bbabb85,C,age,2,1
662c58127f3d4ebbb43ceb397bbabb85,C,age,3,0
662c58127f3d4ebbb43ceb397bbabb85,C,age,4,0
662c58127f3d4ebbb43ceb397bbabb85,C,age,5,0
662c58127f3d4ebbb43ceb397bbabb85,C,age,6,0
662c58127f3d4ebbb43ceb397bbabb85,C,age,7,0
662c58127f3d4ebbb43ceb397bbabb85,C,gender,1,0
662c58127f3d4ebbb43ceb397bbabb85,C,gender,2,1
662c58127f3d4ebbb43ceb397bbabb85,C,gender,3,0
662c58127f3d4ebbb43ceb397bbabb85,C,gender,4,0
662c58127f3d4ebbb43ceb397bbabb85,C,gender,5,0
662c58127f3d4ebbb43ceb397bbabb85,C,gender,6,0
662c58127f3d4ebbb43ceb397bbabb85,C,language,1,0
662c58127f3d4ebbb43ceb397bbabb85,C,language,2,0
662c58127f3d4ebbb43ceb397bbabb85,C,language,3,0
662c58127f3d4ebbb43ceb397bbabb85,C,language,4,1
662c58127f3d4ebbb43ceb397bbabb85,C,language,5,0
662c58127f3d4ebbb43ceb397bbabb85,C,language,6,0
662c58127f3d4ebbb43ceb397bbabb85,C,language,7,0
f8c38f6874a94db5a3fd5e7d50619bc2,C,age,1,0
f8c38f6874a94db5a3fd5e7d50619bc2,C,age,2,1
f8c38f6874a94db5a3fd5e7d50619bc2,C,age,3,0
f8c38f6874a94db5a3fd5e7d50619bc2,C,age,4,0
f8c38f6874a94db5a3fd5e7d50619bc2,C,age,5,0
f8c38f6874a94db5a3fd5e7d50619bc2,C,age,6,0
f8c38f6874a94db5a3fd5e7d50619bc2,C,age,7,0
f8c38f6874a94db5a3fd5e7d50619bc2,C,gender,1,0
f8c38f6874a94db5a3fd5e7d50619bc2,C,gender,2,1
f8c38f6874a94db5a3fd5e7d50619bc2,C,gender,3,0
f8c38f6874a94db5a3fd5e7d50619bc2,C,gender,4,0
f8c38f6874a94db5a3fd5e7d50619bc2,C,gender,5,0
f8c38f6874a94db5a3fd5e7d50619bc2,C,gender,6,0
f8c38f6874a94db5a3fd5e7d50619bc2,C,language,1,0
f8c38f6874a94db5a3fd5e7d50619bc2,C,language,2,0
f8c38f6874a94db5a3fd5e7d50619bc2,C,language,3,1
f8c38f6874a94db5a3fd5e7d50619bc2,C,language,4,0
f8c38f6874a94db5a3fd5e7d50619bc2,C,language,5,0
f8c38f6874a94db5a3fd5e7d50619bc2,C,language,6,0
f8c38f6874a94db5a3fd5e7d50619bc2,C,language,7,0
fda28ae2441643f48ccc6ad8619d3ae4,C,age,1,1
fda28ae2441643f48ccc6ad8619d3ae4,C,age,2,0
fda28ae2441643f48ccc6ad8619d3ae4,C,age,3,0
fda28ae2441643f48ccc6ad8619d3ae4,C,age,4,0
fda28ae2441643f48ccc6ad8619d3ae4,C,age,5,0
fda28ae2441643f48ccc6ad8619d3ae4,C,age,6,0
fda28ae2441643f48ccc6ad8619d3ae4,C,age,7,0
fda28ae2441643f48ccc6ad8619d3ae4,C,gender,1,1
fda28ae2441643f48ccc6ad8619d3ae4,C,gender,2,0
fda28ae2441643f48ccc6ad8619d3ae4,C,gender,3,0
fda28ae2441643f48ccc6ad8619d3ae4,C,gender,4,0
fda28ae2441643f48ccc6ad8619d3ae4,C,gender,5,0
fda28ae2441643f48ccc6ad8619d3ae4,C,gender,6,0
fda28ae2441643f48ccc6ad8619d3ae4,C,language,1,0
fda28ae2441643f48ccc6ad8619d3ae4,C,language,2,0
fda28ae2441643f48ccc6ad8619d3ae4,C,language,3,1
fda28ae2441643f48ccc6ad8619d3ae4,C,language,4,0
fda28ae2441643f48ccc6ad8619d3ae4,C,language,5,0
fda28ae2441643f48ccc6ad8619d3ae4,C,language,6,0
fda28ae2441643f48ccc6ad8619d3ae4,C,language,7,0
706708d4455c401ea468acb17fbf6c20,C,age,1,0
706708d4455c401ea468acb17fbf6c20,C,age,2,1
706708d4455c401ea468acb17fbf6c20,C,age,3,0
706708d4455c401ea468acb17fbf6c20,C,age,4,0
706708d4455c401ea468acb17fbf6c20,C,age,5,0
706708d4455c401ea468acb17fbf6c20,C,age,6,0
706708d4455c401ea468acb17fbf6c20,C,age,7,0
706708d4455c401ea468acb17fbf6c20,C,gender,1,0
706708d4455c401ea468acb17fbf6c20,C,gender,2,1
706708d4455c401ea468acb17fbf6c20,C,gender,3,0
706708d4455c401ea468acb17fbf6c20,C,gender,4,0
706708d4455c401ea468acb17fbf6c20,C,gender,5,0
706708d4455c401ea468acb17fbf6c20,C,gender,6,0
706708d4455c401ea468acb17fbf6c20,C,language,1,0
706708d4455c401ea468acb17fbf6c20,C,language,2,0
706708d4455c401ea468acb17fbf6c20,C,language,3,0
706708d4455c401ea468acb17fbf6c20,C,language,4,1
706708d4455c401ea468acb17fbf6c20,C,language,5,0
706708d4455c401ea468acb17fbf6c20,C,language,6,0
706708d4455c401ea468acb17fbf6c20,C,language,7,0
01dd8def4d6d4ae2a859d09d3e40cbd0,C,age,1,1
01dd8def4d6d4ae2a859d09d3e40cbd0,C,age,2,0
01dd8def4d6d4ae2a859d09d3e40cbd0,C,age,3,0
01dd8def4d6d4ae2a859d09d3e40cbd0,C,age,4,0
01dd8def4d6d4ae2a859d09d3e40cbd0,C,age,5,0
01dd8def4d6d4ae2a859d09d3e40cbd0,C,age,6,0
01dd8def4d6d4ae2a859d09d3e40cbd0,C,age,7,0
01dd8def4d6d4ae2a859d09d3e40cbd0,C,gender,1,0
01dd8def4d6d4ae2a859d09d3e40cbd0,C,gender,2,1
01dd8def4d6d4ae2a859d09d3e40cbd0,C,gender,3,0
01dd8def4d6d4ae2a859d09d3e40cbd0,C,gender,4,0
01dd8def4d6d4ae2a859d09d3e40cbd0,C,gender,5,0
01dd8def4d6d4ae2a859d09d3e40cbd0,C,gender,6,0
01dd8def4d6d4ae2a859d09d3e40cbd0,C,language,1,0
01dd8def4d6d4ae2a859d09d3e40cbd0,C,language,2,0
01dd8def4d6d4ae2a859d09d3e40cbd0,C,language,3,1
01dd8def4d6d4ae2a859d09d3e40cbd0,C,language,4,0
01dd8def4d6d4ae2a859d09d3e40cbd0,C,language,5,0
01dd8def4d6d4ae2a859d09d3e40cbd0,C,language,6,0
01dd8def4d6d4ae2a859d09d3e40cbd0,C,language,7,0
12f958778c534cb38b0535e5da173259,C,age,1,1
12f958778c534cb38b0535e5da173259,C,age,2,0
12f958778c534cb38b0535e5da173259,C,age,3,0
12f958778c534cb38b0535e5da173259,C,age,4,0
12f958778c534cb38b0535e5da173259,C,age,5,0
12f958778c534cb38b0535e5da173259,C,age,6,0
12f958778c534cb38b0535e5da173259,C,age,7,0
12f958778c534cb38b0535e5da173259,C,gender,1,1
12f958778c534cb38b0535e5da173259,C,gender,2,0
12f958778c534cb38b0535e5da173259,C,gender,3,0
12f958778c534cb38b0535e5da173259,C,gender,4,0
12f958778c534cb38b0535e5da173259,C,gender,5,0
12f958778c534cb38b0535e5da173259,C,gender,6,0
12f958778c534cb38b0535e5da173259,C,language,1,0
12f958778c534cb38b0535e5da173259,C,language,2,0
12f958778c534cb38b0535e5da173259,C,language,3,1
12f958778c534cb38b0535e5da173259,C,language,4,0
12f958778c534cb38b0535e5da173259,C,language,5,0
12f958778c534cb38b0535e5da173259,C,language,6,0
12f958778c534cb38b0535e5da173259,C,language,7,0
663f07d176444b26b70010eb1bb93c68,C,age,1,0
663f07d176444b26b70010eb1bb93c68,C,age,2,1
663f07d176444b26b70010eb1bb93c68,C,age,3,0
663f07d176444b26b70010eb1bb93c68,C,age,4,0
663f07d176444b26b70010eb1bb93c68,C,age,5,0
663f07d176444b26b70010eb1bb93c68,C,age,6,0
663f07d176444b26b70010eb1bb93c68,C,age,7,0
663f07d176444b26b70010eb1bb93c68,C,gender,1,0
663f07d176444b26b70010eb1bb93c68,C,gender,2,1
663f07d176444b26b70010eb1bb93c68,C,gender,3,0
663f07d176444b26b70010eb1bb93c68,C,gender,4,0
663f07d176444b26b70010eb1bb93c68,C,gender,5,0
663f07d176444b26b70010eb1bb93c68,C,gender,6,0
663f07d176444b26b70010eb1bb93c68,C,language,1,0
663f07d176444b26b70010eb1bb93c68,C,language,2,0
663f07d176444b26b70010eb1bb93c68,C,language,3,0
663f07d176444b26b70010eb1bb93c68,C,language,4,1
663f07d176444b26b70010eb1bb93c68,C,language,5,0
663f07d176444b26b70010eb1bb93c68,C,language,6,0
663f07d176444b26b70010eb1bb93c68,C,language,7,0
b674419590fc4392893e7a99c5437153,C,age,1,1
b674419590fc4392893e7a99c5437153,C,age,2,0
b674419590fc4392893e7a99c5437153,C,age,3,0
b674419590fc4392893e7a99c5437153,C,age,4,0
b674419590fc4392893e7a99c5437153,C,age,5,0
b674419590fc4392893e7a99c5437153,C,age,6,0
b674419590fc4392893e7a99c5437153,C,age,7,0
b674419590fc4392893e7a99c5437153,C,gender,1,1
b674419590fc4392893e7a99c5437153,C,gender,2,0
b674419590fc4392893e7a99c5437153,C,gender,3,0
b674419590fc4392893e7a99c5437153,C,gender,4,0
b674419590fc4392893e7a99c5437153,C,gender,5,0
b674419590fc4392893e7a99c5437153,C,gender,6,0
b674419590fc4392893e7a99c5437153,C,language,1,0
b674419590fc4392893e7a99c5437153,C,language,2,0
b674419590fc4392893e7a99c5437153,C,language,3,1
b674419590fc4392893e7a99c5437153,C,language,4,0
b674419590fc4392893e7a99c5437153,C,language,5,0
b674419590fc4392893e7a99c5437153,C,language,6,0
b674419590fc4392893e7a99c5437153,C,language,7,0
379b8823754e4531aae0bcd22a5857e0,C,age,1,1
379b8823754e4531aae0bcd22a5857e0,C,age,2,0
379b8823754e4531aae0bcd22a5857e0,C,age,3,0
379b8823754e4531aae0bcd22a5857e0,C,age,4,0
379b8823754e4531aae0bcd22a5857e0,C,age,5,0
379b8823754e4531aae0bcd22a5857e0,C,age,6,0
379b8823754e4531aae0bcd22a5857e0,C,age,7,0
379b8823754e4531aae0bcd22a5857e0,C,gender,1,1
379b8823754e4531aae0bcd22a5857e0,C,gender,2,0
379b8823754e4531aae0bcd22a5857e0,C,gender,3,0
379b8823754e4531aae0bcd22a5857e0,C,gender,4,0
379b8823754e4531aae0bcd22a5857e0,C,gender,5,0
379b8823754e4531aae0bcd22a5857e0,C,gender,6,0
379b8823754e4531aae0bcd22a5857e0,C,language,1,0
379b8823754e4531aae0bcd22a5857e0,C,language,2,0
379b8823754e4531aae0bcd22a5857e0,C,language,3,1
379b8823754e4531aae0bcd22a5857e0,C,language,4,0
379b8823754e4531aae0bcd22a5857e0,C,language,5,0
379b8823754e4531aae0bcd22a5857e0,C,language,6,0
379b8823754e4531aae0bcd22a5857e0,C,language,7,0
73fe1c077a974701bdc106e0a95f0381,C,age,1,0
73fe1c077a974701bdc106e0a95f0381,C,age,2,1
73fe1c077a974701bdc106e0a95f0381,C,age,3,0
73fe1c077a974701bdc106e0a95f0381,C,age,4,0
73fe1c077a974701bdc106e0a95f0381,C,age,5,0
73fe1c077a974701bdc106e0a95f0381,C,age,6,0
73fe1c077a974701bdc106e0a95f0381,C,age,7,0
73fe1c077a974701bdc106e0a95f0381,C,gender,1,0
73fe1c077a974701bdc106e0a95f0381,C,gender,2,1
73fe1c077a974701bdc106e0a95f0381,C,gender,3,0
73fe1c077a974701bdc106e0a95f0381,C,gender,4,0
73fe1c077a974701bdc106e0a95f0381,C,gender,5,0
73fe1c077a974701bdc106e0a95f0381,C,gender,6,0
73fe1c077a974701bdc106e0a95f0381,C,language,1,0
73fe1c077a974701bdc106e0a95f0381,C,language,2,0
73fe1c077a974701bdc106e0a95f0381,C,language,3,0
73fe1c077a974701bdc106e0a95f0381,C,language,4,1
73fe1c077a974701bdc106e0a95f0381,C,language,5,0
73fe1c077a974701bdc106e0a95f0381,C,language,6,0
73fe1c077a974701bdc106e0a95f0381,C,language,7,0
02b313e2fc17414c9fc717d924545a34,C,age,1,0
02b313e2fc17414c9fc717d924545a34,C,age,2,1
02b313e2fc17414c9fc717d924545a34,C,age,3,0
02b313e2fc17414c9fc717d924545a34,C,age,4,0
02b313e2fc17414c9fc717d924545a34,C,age,5,0
02b313e2fc17414c9fc717d924545a34,C,age,6,0
02b313e2fc17414c9fc717d924545a34,C,age,7,0
02b313e2fc17414c9fc717d924545a34,C,gender,1,0
02b313e2fc17414c9fc717d924545a34,C,gender,2,1
02b313e2fc17414c9fc717d924545a34,C,gender,3,0
02b313e2fc17414c9fc717d924545a34,C,gender,4,0
02b313e2fc17414c9fc717d924545a34,C,gender,5,0
02b313e2fc17414c9fc717d924545a34,C,gender,6,0
02b313e2fc17414c9fc717d924545a34,C,language,1,0
02b313e2fc17414c9fc717d924545a34,C,language,2,0
02b313e2fc17414c9fc717d924545a34,C,language,3,0
02b313e2fc17414c9fc717d924545a34,C,language,4,0
02b313e2fc17414c9fc717d924545a34,C,language,5,0
02b313e2fc17414c9fc717d924545a34,C,language,6,0
02b313e2fc17414c9fc717d924545a34,C,language,7,1
d51fd9a32ca44e039f2087d5e09d9d67,C,age,1,1
d51fd9a32ca44e039f2087d5e09d9d67,C,age,2,0
d51fd9a32ca44e039f2087d5e09d9d67,C,age,3,0
d51fd9a32ca44e039f2087d5e09d9d67,C,age,4,0
d51fd9a32ca44e039f2087d5e09d9d67,C,age,5,0
d51fd9a32ca44e039f2087d5e09d9d67,C,age,6,0
d51fd9a32ca44e039f2087d5e09d9d67,C,age,7,0
d51fd9a32ca44e039f2087d5e09d9d67,C,gender,1,0
d51fd9a32ca44e039f2087d5e09d9d67,C,gender,2,1
d51fd9a32ca44e039f2087d5e09d9d67,C,gender,3,0
d51fd9a32ca44e039f2087d5e09d9d67,C,gender,4,0
d51fd9a32ca44e039f2087d5e09d9d67,C,gender,5,0
d51fd9a32ca44e039f2087d5e09d9d67,C,gender,6,0
d51fd9a32ca44e039f2087d5e09d9d67,C,language,1,0
d51fd9a32ca44e039f2087d5e09d9d67,C,language,2,0
d51fd9a32ca44e039f2087d5e09d9d67,C,language,3,1
d51fd9a32ca44e039f2087d5e09d9d67,C,language,4,0
d51fd9a32ca44e039f2087d5e09d9d67,C,language,5,0
d51fd9a32ca44e039f2087d5e09d9d67,C,language,6,0
d51fd9a32ca44e039f2087d5e09d9d67,C,language,7,0
648210b2eea74cbaa1f0bb4a60e7a860,C,age,1,0
648210b2eea74cbaa1f0bb4a60e7a860,C,age,2,0
648210b2eea74cbaa1f0bb4a60e7a860,C,age,3,0
648210b2eea74cbaa1f0bb4a60e7a860,C,age,4,0
648210b2eea74cbaa1f0bb4a60e7a860,C,age,5,0
648210b2eea74cbaa1f0bb4a60e7a860,C,age,6,0
648210b2eea74cbaa1f0bb4a60e7a860,C,age,7,1
648210b2eea74cbaa1f0bb4a60e7a860,C,gender,1,0
648210b2eea74cbaa1f0bb4a60e7a860,C,gender,2,1
648210b2eea74cbaa1f0bb4a60e7a860,C,gender,3,0
648210b2eea74cbaa1f0bb4a60e7a860,C,gender,4,0
648210b2eea74cbaa1f0bb4a60e7a860,C,gender,5,0
648210b2eea74cbaa1f0bb4a60e7a860,C,gender,6,0
648210b2eea74cbaa1f0bb4a60e7a860,C,language,1,0
648210b2eea74cbaa1f0bb4a60e7a860,C,language,2,0
648210b2eea74cbaa1f0bb4a60e7a860,C,language,3,0
648210b2eea74cbaa1f0bb4a60e7a860,C,language,4,0
648210b2eea74cbaa1f0bb4a60e7a860,C,language,5,0
648210b2eea74cbaa1f0bb4a60e7a860,C,language,6,0
648210b2eea74cbaa1f0bb4a60e7a860,C,language,7,1
3d8f6fecd54c40af9c280510cadfcceb,C,age,1,1
3d8f6fecd54c40af9c280510cadfcceb,C,age,2,0
3d8f6fecd54c40af9c280510cadfcceb,C,age,3,0
3d8f6fecd54c40af9c280510cadfcceb,C,age,4,0
3d8f6fecd54c40af9c280510cadfcceb,C,age,5,0
3d8f6fecd54c40af9c280510cadfcceb,C,age,6,0
3d8f6fecd54c40af9c280510cadfcceb,C,age,7,0
3d8f6fecd54c40af9c280510cadfcceb,C,gender,1,0
3d8f6fecd54c40af9c280510cadfcceb,C,gender,2,1
3d8f6fecd54c40af9c280510cadfcceb,C,gender,3,0
3d8f6fecd54c40af9c280510cadfcceb,C,gender,4,0
3d8f6fecd54c40af9c280510cadfcceb,C,gender,5,0
3d8f6fecd54c40af9c280510cadfcceb,C,gender,6,0
3d8f6fecd54c40af9c280510cadfcceb,C,language,1,0
3d8f6fecd54c40af9c280510cadfcceb,C,language,2,0
3d8f6fecd54c40af9c280510cadfcceb,C,language,3,1
3d8f6fecd54c40af9c280510cadfcceb,C,language,4,0
3d8f6fecd54c40af9c280510cadfcceb,C,language,5,0
3d8f6fecd54c40af9c280510cadfcceb,C,language,6,0
3d8f6fecd54c40af9c280510cadfcceb,C,language,7,0
07ea8ede0b0d47f9af0b54a98bc6b8d9,C,age,1,1
07ea8ede0b0d47f9af0b54a98bc6b8d9,C,age,2,0
07ea8ede0b0d47f9af0b54a98bc6b8d9,C,age,3,0
07ea8ede0b0d47f9af0b54a98bc6b8d9,C,age,4,0
07ea8ede0b0d47f9af0b54a98bc6b8d9,C,age,5,0
07ea8ede0b0d47f9af0b54a98bc6b8d9,C,age,6,0
07ea8ede0b0d47f9af0b54a98bc6b8d9,C,age,7,0
07ea8ede0b0d47f9af0b54a98bc6b8d9,C,gender,1,0
07ea8ede0b0d47f9af0b54a98bc6b8d9,C,gender,2,1
07ea8ede0b0d47f9af0b54a98bc6b8d9,C,gender,3,0
07ea8ede0b0d47f9af0b54a98bc6b8d9,C,gender,4,0
07ea8ede0b0d47f9af0b54a98bc6b8d9,C,gender,5,0
07ea8ede0b0d47f9af0b54a98bc6b8d9,C,gender,6,0
07ea8ede0b0d47f9af0b54a98bc6b8d9,C,language,1,0
07ea8ede0b0d47f9af0b54a98bc6b8d9,C,language,2,0
07ea8ede0b0d47f9af0b54a98bc6b8d9,C,language,3,0
07ea8ede0b0d47f9af0b54a98bc6b8d9,C,language,4,1
07ea8ede0b0d47f9af0b54a98bc6b8d9,C,language,5,0
07ea8ede0b0d47f9af0b54a98bc6b8d9,C,language,6,0
07ea8ede0b0d47f9af0b54a98bc6b8d9,C,language,7,0
df2d77e006de40f89d09f5ae34b5930e,C,age,1,1
df2d77e006de40f89d09f5ae34b5930e,C,age,2,0
df2d77e006de40f89d09f5ae34b5930e,C,age,3,0
df2d77e006de40f89d09f5ae34b5930e,C,age,4,0
df2d77e006de40f89d09f5ae34b5930e,C,age,5,0
df2d77e006de40f89d09f5ae34b5930e,C,age,6,0
df2d77e006de40f89d09f5ae34b5930e,C,age,7,0
df2d77e006de40f89d09f5ae34b5930e,C,gender,1,0
df2d77e006de40f89d09f5ae34b5930e,C,gender,2,1
df2d77e006de40f89d09f5ae34b5930e,C,gender,3,0
df2d77e006de40f89d09f5ae34b5930e,C,gender,4,0
df2d77e006de40f89d09f5ae34b5930e,C,gender,5,0
df2d77e006de40f89d09f5ae34b5930e,C,gender,6,0
df2d77e006de40f89d09f5ae34b5930e,C,language,1,0
df2d77e006de40f89d09f5ae34b5930e,C,language,2,0
df2d77e006de40f89d09f5ae34b5930e,C,language,3,1
df2d77e006de40f89d09f5ae34b5930e,C,language,4,0
df2d77e006de40f89d09f5ae34b5930e,C,language,5,0
df2d77e006de40f89d09f5ae34b5930e,C,language,6,0
df2d77e006de40f89d09f5ae34b5930e,C,language,7,0
920e98cfa305462ba5e0f8634bac0cb9,C,age,1,0
920e98cfa305462ba5e0f8634bac0cb9,C,age,2,1
920e98cfa305462ba5e0f8634bac0cb9,C,age,3,0
920e98cfa305462ba5e0f8634bac0cb9,C,age,4,0
920e98cfa305462ba5e0f8634bac0cb9,C,age,5,0
920e98cfa305462ba5e0f8634bac0cb9,C,age,6,0
920e98cfa305462ba5e0f8634bac0cb9,C,age,7,0
920e98cfa305462ba5e0f8634bac0cb9,C,gender,1,1
920e98cfa305462ba5e0f8634bac0cb9,C,gender,2,0
920e98cfa305462ba5e0f8634bac0cb9,C,gender,3,0
920e98cfa305462ba5e0f8634bac0cb9,C,gender,4,0
920e98cfa305462ba5e0f8634bac0cb9,C,gender,5,0
920e98cfa305462ba5e0f8634bac0cb9,C,gender,6,0
920e98cfa305462ba5e0f8634bac0cb9,C,language,1,0
920e98cfa305462ba5e0f8634bac0cb9,C,language,2,0
920e98cfa305462ba5e0f8634bac0cb9,C,language,3,1
920e98cfa305462ba5e0f8634bac0cb9,C,language,4,0
920e98cfa305462ba5e0f8634bac0cb9,C,language,5,0
920e98cfa305462ba5e0f8634bac0cb9,C,language,6,0
920e98cfa305462ba5e0f8634bac0cb9,C,language,7,0
3dd57f1547184fc3a66dc5fa1a1901ce,C,age,1,0
3dd57f1547184fc3a66dc5fa1a1901ce,C,age,2,1
3dd57f1547184fc3a66dc5fa1a1901ce,C,age,3,0
3dd57f1547184fc3a66dc5fa1a1901ce,C,age,4,0
3dd57f1547184fc3a66dc5fa1a1901ce,C,age,5,0
3dd57f1547184fc3a66dc5fa1a1901ce,C,age,6,0
3dd57f1547184fc3a66dc5fa1a1901ce,C,age,7,0
3dd57f1547184fc3a66dc5fa1a1901ce,C,gender,1,1
3dd57f1547184fc3a66dc5fa1a1901ce,C,gender,2,0
3dd57f1547184fc3a66dc5fa1a1901ce,C,gender,3,0
3dd57f1547184fc3a66dc5fa1a1901ce,C,gender,4,0
3dd57f1547184fc3a66dc5fa1a1901ce,C,gender,5,0
3dd57f1547184fc3a66dc5fa1a1901ce,C,gender,6,0
3dd57f1547184fc3a66dc5fa1a1901ce,C,language,1,0
3dd57f1547184fc3a66dc5fa1a1901ce,C,language,2,0
3dd57f1547184fc3a66dc5fa1a1901ce,C,language,3,0
3dd57f1547184fc3a66dc5fa1a1901ce,C,language,4,1
3dd57f1547184fc3a66dc5fa1a1901ce,C,language,5,0
3dd57f1547184fc3a66dc5fa1a1901ce,C,language,6,0
3dd57f1547184fc3a66dc5fa1a1901ce,C,language,7,0
616eaf35beb245cd86a60183e4a79c6d,C,age,1,1
616eaf35beb245cd86a60183e4a79c6d,C,age,2,0
616eaf35beb245cd86a60183e4a79c6d,C,age,3,0
616eaf35beb245cd86a60183e4a79c6d,C,age,4,0
616eaf35beb245cd86a60183e4a79c6d,C,age,5,0
616eaf35beb245cd86a60183e4a79c6d,C,age,6,0
616eaf35beb245cd86a60183e4a79c6d,C,age,7,0
616eaf35beb245cd86a60183e4a79c6d,C,gender,1,1
616eaf35beb245cd86a60183e4a79c6d,C,gender,2,0
616eaf35beb245cd86a60183e4a79c6d,C,gender,3,0
616eaf35beb245cd86a60183e4a79c6d,C,gender,4,0
616eaf35beb245cd86a60183e4a79c6d,C,gender,5,0
616eaf35beb245cd86a60183e4a79c6d,C,gender,6,0
616eaf35beb245cd86a60183e4a79c6d,C,language,1,0
616eaf35beb245cd86a60183e4a79c6d,C,language,2,0
616eaf35beb245cd86a60183e4a79c6d,C,language,3,1
616eaf35beb245cd86a60183e4a79c6d,C,language,4,0
616eaf35beb245cd86a60183e4a79c6d,C,language,5,0
616eaf35beb245cd86a60183e4a79c6d,C,language,6,0
616eaf35beb245cd86a60183e4a79c6d,C,language,7,0
509ad822fea142c3bda5e8d2c32dc3bf,C,age,1,0
509ad822fea142c3bda5e8d2c32dc3bf,C,age,2,1
509ad822fea142c3bda5e8d2c32dc3bf,C,age,3,0
509ad822fea142c3bda5e8d2c32dc3bf,C,age,4,0
509ad822fea142c3bda5e8d2c32dc3bf,C,age,5,0
509ad822fea142c3bda5e8d2c32dc3bf,C,age,6,0
509ad822fea142c3bda5e8d2c32dc3bf,C,age,7,0
509ad822fea142c3bda5e8d2c32dc3bf,C,gender,1,0
509ad822fea142c3bda5e8d2c32dc3bf,C,gender,2,1
509ad822fea142c3bda5e8d2c32dc3bf,C,gender,3,0
509ad822fea142c3bda5e8d2c32dc3bf,C,gender,4,0
509ad822fea142c3bda5e8d2c32dc3bf,C,gender,5,0
509ad822fea142c3bda5e8d2c32dc3bf,C,gender,6,0
509ad822fea142c3bda5e8d2c32dc3bf,C,language,1,0
509ad822fea142c3bda5e8d2c32dc3bf,C,language,2,0
509ad822fea142c3bda5e8d2c32dc3bf,C,language,3,0
509ad822fea142c3bda5e8d2c32dc3bf,C,language,4,0
509ad822fea142c3bda5e8d2c32dc3bf,C,language,5,1
509ad822fea142c3bda5e8d2c32dc3bf,C,language,6,0
509ad822fea142c3bda5e8d2c32dc3bf,C,language,7,0
9a4580a886ad4760b070874f1d1dbe8b,C,age,1,1
9a4580a886ad4760b070874f1d1dbe8b,C,age,2,0
9a4580a886ad4760b070874f1d1dbe8b,C,age,3,0
9a4580a886ad4760b070874f1d1dbe8b,C,age,4,0
9a4580a886ad4760b070874f1d1dbe8b,C,age,5,0
9a4580a886ad4760b070874f1d1dbe8b,C,age,6,0
9a4580a886ad4760b070874f1d1dbe8b,C,age,7,0
9a4580a886ad4760b070874f1d1dbe8b,C,gender,1,1
9a4580a886ad4760b070874f1d1dbe8b,C,gender,2,0
9a4580a886ad4760b070874f1d1dbe8b,C,gender,3,0
9a4580a886ad4760b070874f1d1dbe8b,C,gender,4,0
9a4580a886ad4760b070874f1d1dbe8b,C,gender,5,0
9a4580a886ad4760b070874f1d1dbe8b,C,gender,6,0
9a4580a886ad4760b070874f1d1dbe8b,C,language,1,0
9a4580a886ad4760b070874f1d1dbe8b,C,language,2,0
9a4580a886ad4760b070874f1d1dbe8b,C,language,3,1
9a4580a886ad4760b070874f1d1dbe8b,C,language,4,0
9a4580a886ad4760b070874f1d1dbe8b,C,language,5,0
9a4580a886ad4760b070874f1d1dbe8b,C,language,6,0
9a4580a886ad4760b070874f1d1dbe8b,C,language,7,0
00893a61e1ba43da9aa0df4f6e20245f,C,age,1,0
00893a61e1ba43da9aa0df4f6e20245f,C,age,2,1
00893a61e1ba43da9aa0df4f6e20245f,C,age,3,0
00893a61e1ba43da9aa0df4f6e20245f,C,age,4,0
00893a61e1ba43da9aa0df4f6e20245f,C,age,5,0
00893a61e1ba43da9aa0df4f6e20245f,C,age,6,0
00893a61e1ba43da9aa0df4f6e20245f,C,age,7,0
00893a61e1ba43da9aa0df4f6e20245f,C,gender,1,1
00893a61e1ba43da9aa0df4f6e20245f,C,gender,2,0
00893a61e1ba43da9aa0df4f6e20245f,C,gender,3,0
00893a61e1ba43da9aa0df4f6e20245f,C,gender,4,0
00893a61e1ba43da9aa0df4f6e20245f,C,gender,5,0
00893a61e1ba43da9aa0df4f6e20245f,C,gender,6,0
00893a61e1ba43da9aa0df4f6e20245f,C,language,1,0
00893a61e1ba43da9aa0df4f6e20245f,C,language,2,0
00893a61e1ba43da9aa0df4f6e20245f,C,language,3,0
00893a61e1ba43da9aa0df4f6e20245f,C,language,4,1
00893a61e1ba43da9aa0df4f6e20245f,C,language,5,0
00893a61e1ba43da9aa0df4f6e20245f,C,language,6,0
00893a61e1ba43da9aa0df4f6e20245f,C,language,7,0
21b70c5ab40845fd9aab55de1db54de2,C,age,1,1
21b70c5ab40845fd9aab55de1db54de2,C,age,2,0
21b70c5ab40845fd9aab55de1db54de2,C,age,3,0
21b70c5ab40845fd9aab55de1db54de2,C,age,4,0
21b70c5ab40845fd9aab55de1db54de2,C,age,5,0
21b70c5ab40845fd9aab55de1db54de2,C,age,6,0
21b70c5ab40845fd9aab55de1db54de2,C,age,7,0
21b70c5ab40845fd9aab55de1db54de2,C,gender,1,1
21b70c5ab40845fd9aab55de1db54de2,C,gender,2,0
21b70c5ab40845fd9aab55de1db54de2,C,gender,3,0
21b70c5ab40845fd9aab55de1db54de2,C,gender,4,0
21b70c5ab40845fd9aab55de1db54de2,C,gender,5,0
21b70c5ab40845fd9aab55de1db54de2,C,gender,6,0
21b70c5ab40845fd9aab55de1db54de2,C,language,1,0
21b70c5ab40845fd9aab55de1db54de2,C,language,2,0
21b70c5ab40845fd9aab55de1db54de2,C,language,3,1
21b70c5ab40845fd9aab55de1db54de2,C,language,4,0
21b70c5ab40845fd9aab55de1db54de2,C,language,5,0
21b70c5ab40845fd9aab55de1db54de2,C,language,6,0
21b70c5ab40845fd9aab55de1db54de2,C,language,7,0
78980661a4454a808324109af5627dd7,C,age,1,1
78980661a4454a808324109af5627dd7,C,age,2,0
78980661a4454a808324109af5627dd7,C,age,3,0
78980661a4454a808324109af5627dd7,C,age,4,0
78980661a4454a808324109af5627dd7,C,age,5,0
78980661a4454a808324109af5627dd7,C,age,6,0
78980661a4454a808324109af5627dd7,C,age,7,0
78980661a4454a808324109af5627dd7,C,gender,1,1
78980661a4454a808324109af5627dd7,C,gender,2,0
78980661a4454a808324109af5627dd7,C,gender,3,0
78980661a4454a808324109af5627dd7,C,gender,4,0
78980661a4454a808324109af5627dd7,C,gender,5,0
78980661a4454a808324109af5627dd7,C,gender,6,0
78980661a4454a808324109af5627dd7,C,language,1,0
78980661a4454a808324109af5627dd7,C,language,2,0
78980661a4454a808324109af5627dd7,C,language,3,0
78980661a4454a808324109af5627dd7,C,language,4,0
78980661a4454a808324109af5627dd7,C,language,5,1
78980661a4454a808324109af5627dd7,C,language,6,0
78980661a4454a808324109af5627dd7,C,language,7,0
a5000e45af714772bbc4f6da7c00d903,C,age,1,0
a5000e45af714772bbc4f6da7c00d903,C,age,2,1
a5000e45af714772bbc4f6da7c00d903,C,age,3,0
a5000e45af714772bbc4f6da7c00d903,C,age,4,0
a5000e45af714772bbc4f6da7c00d903,C,age,5,0
a5000e45af714772bbc4f6da7c00d903,C,age,6,0
a5000e45af714772bbc4f6da7c00d903,C,age,7,0
a5000e45af714772bbc4f6da7c00d903,C,gender,1,1
a5000e45af714772bbc4f6da7c00d903,C,gender,2,0
a5000e45af714772bbc4f6da7c00d903,C,gender,3,0
a5000e45af714772bbc4f6da7c00d903,C,gender,4,0
a5000e45af714772bbc4f6da7c00d903,C,gender,5,0
a5000e45af714772bbc4f6da7c00d903,C,gender,6,0
a5000e45af714772bbc4f6da7c00d903,C,language,1,0
a5000e45af714772bbc4f6da7c00d903,C,language,2,0
a5000e45af714772bbc4f6da7c00d903,C,language,3,0
a5000e45af714772bbc4f6da7c00d903,C,language,4,1
a5000e45af714772bbc4f6da7c00d903,C,language,5,0
a5000e45af714772bbc4f6da7c00d903,C,language,6,0
a5000e45af714772bbc4f6da7c00d903,C,language,7,0
79648c2b7f8549a9a0f0c484f150fe34,C,age,1,0
79648c2b7f8549a9a0f0c484f150fe34,C,age,2,1
79648c2b7f8549a9a0f0c484f150fe34,C,age,3,0
79648c2b7f8549a9a0f0c484f150fe34,C,age,4,0
79648c2b7f8549a9a0f0c484f150fe34,C,age,5,0
79648c2b7f8549a9a0f0c484f150fe34,C,age,6,0
79648c2b7f8549a9a0f0c484f150fe34,C,age,7,0
79648c2b7f8549a9a0f0c484f150fe34,C,gender,1,1
79648c2b7f8549a9a0f0c484f150fe34,C,gender,2,0
79648c2b7f8549a9a0f0c484f150fe34,C,gender,3,0
79648c2b7f8549a9a0f0c484f150fe34,C,gender,4,0
79648c2b7f8549a9a0f0c484f150fe34,C,gender,5,0
79648c2b7f8549a9a0f0c484f150fe34,C,gender,6,0
79648c2b7f8549a9a0f0c484f150fe34,C,language,1,0
79648c2b7f8549a9a0f0c484f150fe34,C,language,2,0
79648c2b7f8549a9a0f0c484f150fe34,C,language,3,1
79648c2b7f8549a9a0f0c484f150fe34,C,language,4,0
79648c2b7f8549a9a0f0c484f150fe34,C,language,5,0
79648c2b7f8549a9a0f0c484f150fe34,C,language,6,0
79648c2b7f8549a9a0f0c484f150fe34,C,language,7,0
92b9a944f487481e8f6c690eb1bfd55e,C,age,1,0
92b9a944f487481e8f6c690eb1bfd55e,C,age,2,1
92b9a944f487481e8f6c690eb1bfd55e,C,age,3,0
92b9a944f487481e8f6c690eb1bfd55e,C,age,4,0
92b9a944f487481e8f6c690eb1bfd55e,C,age,5,0
92b9a944f487481e8f6c690eb1bfd55e,C,age,6,0
92b9a944f487481e8f6c690eb1bfd55e,C,age,7,0
92b9a944f487481e8f6c690eb1bfd55e,C,gender,1,1
92b9a944f487481e8f6c690eb1bfd55e,C,gender,2,0
92b9a944f487481e8f6c690eb1bfd55e,C,gender,3,0
92b9a944f487481e8f6c690eb1bfd55e,C,gender,4,0
92b9a944f487481e8f6c690eb1bfd55e,C,gender,5,0
92b9a944f487481e8f6c690eb1bfd55e,C,gender,6,0
92b9a944f487481e8f6c690eb1bfd55e,C,language,1,1
92b9a944f487481e8f6c690eb1bfd55e,C,language,2,0
92b9a944f487481e8f6c690eb1bfd55e,C,language,3,0
92b9a944f487481e8f6c690eb1bfd55e,C,language,4,0
92b9a944f487481e8f6c690eb1bfd55e,C,language,5,0
92b9a944f487481e8f6c690eb1bfd55e,C,language,6,0
92b9a944f487481e8f6c690eb1bfd55e,C,language,7,0
d32746ea7719405391ad1cb36b6c0f72,D,age,1,1
d32746ea7719405391ad1cb36b6c0f72,D,age,2,0
d32746ea7719405391ad1cb36b6c0f72,D,age,3,0
d32746ea7719405391ad1cb36b6c0f72,D,age,4,0
d32746ea7719405391ad1cb36b6c0f72,D,age,5,0
d32746ea7719405391ad1cb36b6c0f72,D,age,6,0
d32746ea7719405391ad1cb36b6c0f72,D,age,7,0
d32746ea7719405391ad1cb36b6c0f72,D,gender,1,1
d32746ea7719405391ad1cb36b6c0f72,D,gender,2,0
d32746ea7719405391ad1cb36b6c0f72,D,gender,3,0
d32746ea7719405391ad1cb36b6c0f72,D,gender,4,0
d32746ea7719405391ad1cb36b6c0f72,D,gender,5,0
d32746ea7719405391ad1cb36b6c0f72,D,gender,6,0
d32746ea7719405391ad1cb36b6c0f72,D,language,1,0
d32746ea7719405391ad1cb36b6c0f72,D,language,2,0
d32746ea7719405391ad1cb36b6c0f72,D,language,3,0
d32746ea7719405391ad1cb36b6c0f72,D,language,4,0
d32746ea7719405391ad1cb36b6c0f72,D,language,5,1
d32746ea7719405391ad1cb36b6c0f72,D,language,6,0
d32746ea7719405391ad1cb36b6c0f72,D,language,7,0
b6706e55da5447fdaefe2b3cc5006b90,D,age,1,1
b6706e55da5447fdaefe2b3cc5006b90,D,age,2,0
b6706e55da5447fdaefe2b3cc5006b90,D,age,3,0
b6706e55da5447fdaefe2b3cc5006b90,D,age,4,0
b6706e55da5447fdaefe2b3cc5006b90,D,age,5,0
b6706e55da5447fdaefe2b3cc5006b90,D,age,6,0
b6706e55da5447fdaefe2b3cc5006b90,D,age,7,0
b6706e55da5447fdaefe2b3cc5006b90,D,gender,1,1
b6706e55da5447fdaefe2b3cc5006b90,D,gender,2,0
b6706e55da5447fdaefe2b3cc5006b90,D,gender,3,0
b6706e55da5447fdaefe2b3cc5006b90,D,gender,4,0
b6706e55da5447fdaefe2b3cc5006b90,D,gender,5,0
b6706e55da5447fdaefe2b3cc5006b90,D,gender,6,0
b6706e55da5447fdaefe2b3cc5006b90,D,language,1,0
b6706e55da5447fdaefe2b3cc5006b90,D,language,2,0
b6706e55da5447fdaefe2b3cc5006b90,D,language,3,0
b6706e55da5447fdaefe2b3cc5006b90,D,language,4,1
b6706e55da5447fdaefe2b3cc5006b90,D,language,5,0
b6706e55da5447fdaefe2b3cc5006b90,D,language,6,0
b6706e55da5447fdaefe2b3cc5006b90,D,language,7,0
dfa59ca66ad240bd9fb08a846098bb7a,D,age,1,1
dfa59ca66ad240bd9fb08a846098bb7a,D,age,2,0
dfa59ca66ad240bd9fb08a846098bb7a,D,age,3,0
dfa59ca66ad240bd9fb08a846098bb7a,D,age,4,0
dfa59ca66ad240bd9fb08a846098bb7a,D,age,5,0
dfa59ca66ad240bd9fb08a846098bb7a,D,age,6,0
dfa59ca66ad240bd9fb08a846098bb7a,D,age,7,0
dfa59ca66ad240bd9fb08a846098bb7a,D,gender,1,1
dfa59ca66ad240bd9fb08a846098bb7a,D,gender,2,0
dfa59ca66ad240bd9fb08a846098bb7a,D,gender,3,0
dfa59ca66ad240bd9fb08a846098bb7a,D,gender,4,0
dfa59ca66ad240bd9fb08a846098bb7a,D,gender,5,0
dfa59ca66ad240bd9fb08a846098bb7a,D,gender,6,0
dfa59ca66ad240bd9fb08a846098bb7a,D,language,1,0
dfa59ca66ad240bd9fb08a846098bb7a,D,language,2,0
dfa59ca66ad240bd9fb08a846098bb7a,D,language,3,1
dfa59ca66ad240bd9fb08a846098bb7a,D,language,4,0
dfa59ca66ad240bd9fb08a846098bb7a,D,language,5,0
dfa59ca66ad240bd9fb08a846098bb7a,D,language,6,0
dfa59ca66ad240bd9fb08a846098bb7a,D,language,7,0
8407a5510dea440a8dbd19047f30f669,D,age,1,0
8407a5510dea440a8dbd19047f30f669,D,age,2,1
8407a5510dea440a8dbd19047f30f669,D,age,3,0
8407a5510dea440a8dbd19047f30f669,D,age,4,0
8407a5510dea440a8dbd19047f30f669,D,age,5,0
8407a5510dea440a8dbd19047f30f669,D,age,6,0
8407a5510dea440a8dbd19047f30f669,D,age,7,0
8407a5510dea440a8dbd19047f30f669,D,gender,1,1
8407a5510dea440a8dbd19047f30f669,D,gender,2,0
8407a5510dea440a8dbd19047f30f669,D,gender,3,0
8407a5510dea440a8dbd19047f30f669,D,gender,4,0
8407a5510dea440a8dbd19047f30f669,D,gender,5,0
8407a5510dea440a8dbd19047f30f669,D,gender,6,0
8407a5510dea440a8dbd19047f30f669,D,language,1,0
8407a5510dea440a8dbd19047f30f669,D,language,2,0
8407a5510dea440a8dbd19047f30f669,D,language,3,1
8407a5510dea440a8dbd19047f30f669,D,language,4,0
8407a5510dea440a8dbd19047f30f669,D,language,5,0
8407a5510dea440a8dbd19047f30f669,D,language,6,0
8407a5510dea440a8dbd19047f30f669,D,language,7,0
bcc2a55ab8734928ba3d8bda489a5640,D,age,1,0
bcc2a55ab8734928ba3d8bda489a5640,D,age,2,1
bcc2a55ab8734928ba3d8bda489a5640,D,age,3,0
bcc2a55ab8734928ba3d8bda489a5640,D,age,4,0
bcc2a55ab8734928ba3d8bda489a5640,D,age,5,0
bcc2a55ab8734928ba3d8bda489a5640,D,age,6,0
bcc2a55ab8734928ba3d8bda489a5640,D,age,7,0
bcc2a55ab8734928ba3d8bda489a5640,D,gender,1,1
bcc2a55ab8734928ba3d8bda489a5640,D,gender,2,0
bcc2a55ab8734928ba3d8bda489a5640,D,gender,3,0
bcc2a55ab8734928ba3d8bda489a5640,D,gender,4,0
bcc2a55ab8734928ba3d8bda489a5640,D,gender,5,0
bcc2a55ab8734928ba3d8bda489a5640,D,gender,6,0
bcc2a55ab8734928ba3d8bda489a5640,D,language,1,0
bcc2a55ab8734928ba3d8bda489a5640,D,language,2,0
bcc2a55ab8734928ba3d8bda489a5640,D,language,3,0
bcc2a55ab8734928ba3d8bda489a5640,D,language,4,0
bcc2a55ab8734928ba3d8bda489a5640,D,language,5,1
bcc2a55ab8734928ba3d8bda489a5640,D,language,6,0
bcc2a55ab8734928ba3d8bda489a5640,D,language,7,0
4ada3d6d85c9404dabf9635c6015318e,D,age,1,0
4ada3d6d85c9404dabf9635c6015318e,D,age,2,1
4ada3d6d85c9404dabf9635c6015318e,D,age,3,0
4ada3d6d85c9404dabf9635c6015318e,D,age,4,0
4ada3d6d85c9404dabf9635c6015318e,D,age,5,0
4ada3d6d85c9404dabf9635c6015318e,D,age,6,0
4ada3d6d85c9404dabf9635c6015318e,D,age,7,0
4ada3d6d85c9404dabf9635c6015318e,D,gender,1,0
4ada3d6d85c9404dabf9635c6015318e,D,gender,2,1
4ada3d6d85c9404dabf9635c6015318e,D,gender,3,0
4ada3d6d85c9404dabf9635c6015318e,D,gender,4,0
4ada3d6d85c9404dabf9635c6015318e,D,gender,5,0
4ada3d6d85c9404dabf9635c6015318e,D,gender,6,0
4ada3d6d85c9404dabf9635c6015318e,D,language,1,0
4ada3d6d85c9404dabf9635c6015318e,D,language,2,0
4ada3d6d85c9404dabf9635c6015318e,D,language,3,1
4ada3d6d85c9404dabf9635c6015318e,D,language,4,0
4ada3d6d85c9404dabf9635c6015318e,D,language,5,0
4ada3d6d85c9404dabf9635c6015318e,D,language,6,0
4ada3d6d85c9404dabf9635c6015318e,D,language,7,0
70b90ff604c54051a58376b7d06c6ebf,D,age,1,0
70b90ff604c54051a58376b7d06c6ebf,D,age,2,1
70b90ff604c54051a58376b7d06c6ebf,D,age,3,0
70b90ff604c54051a58376b7d06c6ebf,D,age,4,0
70b90ff604c54051a58376b7d06c6ebf,D,age,5,0
70b90ff604c54051a58376b7d06c6ebf,D,age,6,0
70b90ff604c54051a58376b7d06c6ebf,D,age,7,0
70b90ff604c54051a58376b7d06c6ebf,D,gender,1,1
70b90ff604c54051a58376b7d06c6ebf,D,gender,2,0
70b90ff604c54051a58376b7d06c6ebf,D,gender,3,0
70b90ff604c54051a58376b7d06c6ebf,D,gender,4,0
70b90ff604c54051a58376b7d06c6ebf,D,gender,5,0
70b90ff604c54051a58376b7d06c6ebf,D,gender,6,0
70b90ff604c54051a58376b7d06c6ebf,D,language,1,0
70b90ff604c54051a58376b7d06c6ebf,D,language,2,0
70b90ff604c54051a58376b7d06c6ebf,D,language,3,1
70b90ff604c54051a58376b7d06c6ebf,D,language,4,0
70b90ff604c54051a58376b7d06c6ebf,D,language,5,0
70b90ff604c54051a58376b7d06c6ebf,D,language,6,0
70b90ff604c54051a58376b7d06c6ebf,D,language,7,0
e27c5dc584c64f67972995971b714980,D,age,1,1
e27c5dc584c64f67972995971b714980,D,age,2,0
e27c5dc584c64f67972995971b714980,D,age,3,0
e27c5dc584c64f67972995971b714980,D,age,4,0
e27c5dc584c64f67972995971b714980,D,age,5,0
e27c5dc584c64f67972995971b714980,D,age,6,0
e27c5dc584c64f67972995971b714980,D,age,7,0
e27c5dc584c64f67972995971b714980,D,gender,1,0
e27c5dc584c64f67972995971b714980,D,gender,2,1
e27c5dc584c64f67972995971b714980,D,gender,3,0
e27c5dc584c64f67972995971b714980,D,gender,4,0
e27c5dc584c64f67972995971b714980,D,gender,5,0
e27c5dc584c64f67972995971b714980,D,gender,6,0
e27c5dc584c64f67972995971b714980,D,language,1,0
e27c5dc584c64f67972995971b714980,D,language,2,0
e27c5dc584c64f67972995971b714980,D,language,3,1
e27c5dc584c64f67972995971b714980,D,language,4,0
e27c5dc584c64f67972995971b714980,D,language,5,0
e27c5dc584c64f67972995971b714980,D,language,6,0
e27c5dc584c64f67972995971b714980,D,language,7,0
4b4c46ac6c8e4d4d985eecbb4d56f009,D,age,1,1
4b4c46ac6c8e4d4d985eecbb4d56f009,D,age,2,0
4b4c46ac6c8e4d4d985eecbb4d56f009,D,age,3,0
4b4c46ac6c8e4d4d985eecbb4d56f009,D,age,4,0
4b4c46ac6c8e4d4d985eecbb4d56f009,D,age,5,0
4b4c46ac6c8e4d4d985eecbb4d56f009,D,age,6,0
4b4c46ac6c8e4d4d985eecbb4d56f009,D,age,7,0
4b4c46ac6c8e4d4d985eecbb4d56f009,D,gender,1,1
4b4c46ac6c8e4d4d985eecbb4d56f009,D,gender,2,0
4b4c46ac6c8e4d4d985eecbb4d56f009,D,gender,3,0
4b4c46ac6c8e4d4d985eecbb4d56f009,D,gender,4,0
4b4c46ac6c8e4d4d985eecbb4d56f009,D,gender,5,0
4b4c46ac6c8e4d4d985eecbb4d56f009,D,gender,6,0
4b4c46ac6c8e4d4d985eecbb4d56f009,D,language,1,0
4b4c46ac6c8e4d4d985eecbb4d56f009,D,language,2,0
4b4c46ac6c8e4d4d985eecbb4d56f009,D,language,3,1
4b4c46ac6c8e4d4d985eecbb4d56f009,D,language,4,0
4b4c46ac6c8e4d4d985eecbb4d56f009,D,language,5,0
4b4c46ac6c8e4d4d985eecbb4d56f009,D,language,6,0
4b4c46ac6c8e4d4d985eecbb4d56f009,D,language,7,0
a2b720fdff374f07bc84723d5aba1335,D,age,1,1
a2b720fdff374f07bc84723d5aba1335,D,age,2,0
a2b720fdff374f07bc84723d5aba1335,D,age,3,0
a2b720fdff374f07bc84723d5aba1335,D,age,4,0
a2b720fdff374f07bc84723d5aba1335,D,age,5,0
a2b720fdff374f07bc84723d5aba1335,D,age,6,0
a2b720fdff374f07bc84723d5aba1335,D,age,7,0
a2b720fdff374f07bc84723d5aba1335,D,gender,1,0
a2b720fdff374f07bc84723d5aba1335,D,gender,2,1
a2b720fdff374f07bc84723d5aba1335,D,gender,3,0
a2b720fdff374f07bc84723d5aba1335,D,gender,4,0
a2b720fdff374f07bc84723d5aba1335,D,gender,5,0
a2b720fdff374f07bc84723d5aba1335,D,gender,6,0
a2b720fdff374f07bc84723d5aba1335,D,language,1,0
a2b720fdff374f07bc84723d5aba1335,D,language,2,0
a2b720fdff374f07bc84723d5aba1335,D,language,3,0
a2b720fdff374f07bc84723d5aba1335,D,language,4,0
a2b720fdff374f07bc84723d5aba1335,D,language,5,1
a2b720fdff374f07bc84723d5aba1335,D,language,6,0
a2b720fdff374f07bc84723d5aba1335,D,language,7,0
48d052b725404a6c992400aabb2e24f8,D,age,1,0
48d052b725404a6c992400aabb2e24f8,D,age,2,1
48d052b725404a6c992400aabb2e24f8,D,age,3,0
48d052b725404a6c992400aabb2e24f8,D,age,4,0
48d052b725404a6c992400aabb2e24f8,D,age,5,0
48d052b725404a6c992400aabb2e24f8,D,age,6,0
48d052b725404a6c992400aabb2e24f8,D,age,7,0
48d052b725404a6c992400aabb2e24f8,D,gender,1,0
48d052b725404a6c992400aabb2e24f8,D,gender,2,1
48d052b725404a6c992400aabb2e24f8,D,gender,3,0
48d052b725404a6c992400aabb2e24f8,D,gender,4,0
48d052b725404a6c992400aabb2e24f8,D,gender,5,0
48d052b725404a6c992400aabb2e24f8,D,gender,6,0
48d052b725404a6c992400aabb2e24f8,D,language,1,0
48d052b725404a6c992400aabb2e24f8,D,language,2,0
48d052b725404a6c992400aabb2e24f8,D,language,3,0
48d052b725404a6c992400aabb2e24f8,D,language,4,1
48d052b725404a6c992400aabb2e24f8,D,language,5,0
48d052b725404a6c992400aabb2e24f8,D,language,6,0
48d052b725404a6c992400aabb2e24f8,D,language,7,0
758889ab5d944fbfa24b8ac439cd391a,D,age,1,0
758889ab5d944fbfa24b8ac439cd391a,D,age,2,1
758889ab5d944fbfa24b8ac439cd391a,D,age,3,0
758889ab5d944fbfa24b8ac439cd391a,D,age,4,0
758889ab5d944fbfa24b8ac439cd391a,D,age,5,0
758889ab5d944fbfa24b8ac439cd391a,D,age,6,0
758889ab5d944fbfa24b8ac439cd391a,D,age,7,0
758889ab5d944fbfa24b8ac439cd391a,D,gender,1,1
758889ab5d944fbfa24b8ac439cd391a,D,gender,2,0
758889ab5d944fbfa24b8ac439cd391a,D,gender,3,0
758889ab5d944fbfa24b8ac439cd391a,D,gender,4,0
758889ab5d944fbfa24b8ac439cd391a,D,gender,5,0
758889ab5d944fbfa24b8ac439cd391a,D,gender,6,0
758889ab5d944fbfa24b8ac439cd391a,D,language,1,0
758889ab5d944fbfa24b8ac439cd391a,D,language,2,0
758889ab5d944fbfa24b8ac439cd391a,D,language,3,0
758889ab5d944fbfa24b8ac439cd391a,D,language,4,0
758889ab5d944fbfa24b8ac439cd391a,D,language,5,1
758889ab5d944fbfa24b8ac439cd391a,D,language,6,0
758889ab5d944fbfa24b8ac439cd391a,D,language,7,0
a52346894b864c6bb8fdb50d08d20c92,D,age,1,0
a52346894b864c6bb8fdb50d08d20c92,D,age,2,1
a52346894b864c6bb8fdb50d08d20c92,D,age,3,0
a52346894b864c6bb8fdb50d08d20c92,D,age,4,0
a52346894b864c6bb8fdb50d08d20c92,D,age,5,0
a52346894b864c6bb8fdb50d08d20c92,D,age,6,0
a52346894b864c6bb8fdb50d08d20c92,D,age,7,0
a52346894b864c6bb8fdb50d08d20c92,D,gender,1,0
a52346894b864c6bb8fdb50d08d20c92,D,gender,2,0
a52346894b864c6bb8fdb50d08d20c92,D,gender,3,0
a52346894b864c6bb8fdb50d08d20c92,D,gender,4,0
a52346894b864c6bb8fdb50d08d20c92,D,gender,5,0
a52346894b864c6bb8fdb50d08d20c92,D,gender,6,1
a52346894b864c6bb8fdb50d08d20c92,D,language,1,0
a52346894b864c6bb8fdb50d08d20c92,D,language,2,0
a52346894b864c6bb8fdb50d08d20c92,D,language,3,0
a52346894b864c6bb8fdb50d08d20c92,D,language,4,1
a52346894b864c6bb8fdb50d08d20c92,D,language,5,0
a52346894b864c6bb8fdb50d08d20c92,D,language,6,0
a52346894b864c6bb8fdb50d08d20c92,D,language,7,0
02025391ebe64e15aa92d6ec78b3e105,D,age,1,0
02025391ebe64e15aa92d6ec78b3e105,D,age,2,1
02025391ebe64e15aa92d6ec78b3e105,D,age,3,0
02025391ebe64e15aa92d6ec78b3e105,D,age,4,0
02025391ebe64e15aa92d6ec78b3e105,D,age,5,0
02025391ebe64e15aa92d6ec78b3e105,D,age,6,0
02025391ebe64e15aa92d6ec78b3e105,D,age,7,0
02025391ebe64e15aa92d6ec78b3e105,D,gender,1,0
02025391ebe64e15aa92d6ec78b3e105,D,gender,2,1
02025391ebe64e15aa92d6ec78b3e105,D,gender,3,0
02025391ebe64e15aa92d6ec78b3e105,D,gender,4,0
02025391ebe64e15aa92d6ec78b3e105,D,gender,5,0
02025391ebe64e15aa92d6ec78b3e105,D,gender,6,0
02025391ebe64e15aa92d6ec78b3e105,D,language,1,0
02025391ebe64e15aa92d6ec78b3e105,D,language,2,0
02025391ebe64e15aa92d6ec78b3e105,D,language,3,0
02025391ebe64e15aa92d6ec78b3e105,D,language,4,1
02025391ebe64e15aa92d6ec78b3e105,D,language,5,0
02025391ebe64e15aa92d6ec78b3e105,D,language,6,0
02025391ebe64e15aa92d6ec78b3e105,D,language,7,0
8ef588b991ea4a22b3b27c74b2d36f29,D,age,1,0
8ef588b991ea4a22b3b27c74b2d36f29,D,age,2,1
8ef588b991ea4a22b3b27c74b2d36f29,D,age,3,0
8ef588b991ea4a22b3b27c74b2d36f29,D,age,4,0
8ef588b991ea4a22b3b27c74b2d36f29,D,age,5,0
8ef588b991ea4a22b3b27c74b2d36f29,D,age,6,0
8ef588b991ea4a22b3b27c74b2d36f29,D,age,7,0
8ef588b991ea4a22b3b27c74b2d36f29,D,gender,1,0
8ef588b991ea4a22b3b27c74b2d36f29,D,gender,2,1
8ef588b991ea4a22b3b27c74b2d36f29,D,gender,3,0
8ef588b991ea4a22b3b27c74b2d36f29,D,gender,4,0
8ef588b991ea4a22b3b27c74b2d36f29,D,gender,5,0
8ef588b991ea4a22b3b27c74b2d36f29,D,gender,6,0
8ef588b991ea4a22b3b27c74b2d36f29,D,language,1,0
8ef588b991ea4a22b3b27c74b2d36f29,D,language,2,0
8ef588b991ea4a22b3b27c74b2d36f29,D,language,3,0
8ef588b991ea4a22b3b27c74b2d36f29,D,language,4,1
8ef588b991ea4a22b3b27c74b2d36f29,D,language,5,0
8ef588b991ea4a22b3b27c74b2d36f29,D,language,6,0
8ef588b991ea4a22b3b27c74b2d36f29,D,language,7,0
86cf58dfe48344ecadf4d921caf9b611,D,age,1,1
86cf58dfe48344ecadf4d921caf9b611,D,age,2,0
86cf58dfe48344ecadf4d921caf9b611,D,age,3,0
86cf58dfe48344ecadf4d921caf9b611,D,age,4,0
86cf58dfe48344ecadf4d921caf9b611,D,age,5,0
86cf58dfe48344ecadf4d921caf9b611,D,age,6,0
86cf58dfe48344ecadf4d921caf9b611,D,age,7,0
86cf58dfe48344ecadf4d921caf9b611,D,gender,1,0
86cf58dfe48344ecadf4d921caf9b611,D,gender,2,1
86cf58dfe48344ecadf4d921caf9b611,D,gender,3,0
86cf58dfe48344ecadf4d921caf9b611,D,gender,4,0
86cf58dfe48344ecadf4d921caf9b611,D,gender,5,0
86cf58dfe48344ecadf4d921caf9b611,D,gender,6,0
86cf58dfe48344ecadf4d921caf9b611,D,language,1,0
86cf58dfe48344ecadf4d921caf9b611,D,language,2,1
86cf58dfe48344ecadf4d921caf9b611,D,language,3,0
86cf58dfe48344ecadf4d921caf9b611,D,language,4,0
86cf58dfe48344ecadf4d921caf9b611,D,language,5,0
86cf58dfe48344ecadf4d921caf9b611,D,language,6,0
86cf58dfe48344ecadf4d921caf9b611,D,language,7,0
a1587dd04adb4949a4666885fd0d2e96,D,age,1,1
a1587dd04adb4949a4666885fd0d2e96,D,age,2,0
a1587dd04adb4949a4666885fd0d2e96,D,age,3,0
a1587dd04adb4949a4666885fd0d2e96,D,age,4,0
a1587dd04adb4949a4666885fd0d2e96,D,age,5,0
a1587dd04adb4949a4666885fd0d2e96,D,age,6,0
a1587dd04adb4949a4666885fd0d2e96,D,age,7,0
a1587dd04adb4949a4666885fd0d2e96,D,gender,1,0
a1587dd04adb4949a4666885fd0d2e96,D,gender,2,1
a1587dd04adb4949a4666885fd0d2e96,D,gender,3,0
a1587dd04adb4949a4666885fd0d2e96,D,gender,4,0
a1587dd04adb4949a4666885fd0d2e96,D,gender,5,0
a1587dd04adb4949a4666885fd0d2e96,D,gender,6,0
a1587dd04adb4949a4666885fd0d2e96,D,language,1,0
a1587dd04adb4949a4666885fd0d2e96,D,language,2,1
a1587dd04adb4949a4666885fd0d2e96,D,language,3,0
a1587dd04adb4949a4666885fd0d2e96,D,language,4,0
a1587dd04adb4949a4666885fd0d2e96,D,language,5,0
a1587dd04adb4949a4666885fd0d2e96,D,language,6,0
a1587dd04adb4949a4666885fd0d2e96,D,language,7,0
40df850c3d524428bf2ef460c2dcbdc8,D,age,1,1
40df850c3d524428bf2ef460c2dcbdc8,D,age,2,0
40df850c3d524428bf2ef460c2dcbdc8,D,age,3,0
40df850c3d524428bf2ef460c2dcbdc8,D,age,4,0
40df850c3d524428bf2ef460c2dcbdc8,D,age,5,0
40df850c3d524428bf2ef460c2dcbdc8,D,age,6,0
40df850c3d524428bf2ef460c2dcbdc8,D,age,7,0
40df850c3d524428bf2ef460c2dcbdc8,D,gender,1,0
40df850c3d524428bf2ef460c2dcbdc8,D,gender,2,1
40df850c3d524428bf2ef460c2dcbdc8,D,gender,3,0
40df850c3d524428bf2ef460c2dcbdc8,D,gender,4,0
40df850c3d524428bf2ef460c2dcbdc8,D,gender,5,0
40df850c3d524428bf2ef460c2dcbdc8,D,gender,6,0
40df850c3d524428bf2ef460c2dcbdc8,D,language,1,0
40df850c3d524428bf2ef460c2dcbdc8,D,language,2,0
40df850c3d524428bf2ef460c2dcbdc8,D,language,3,1
40df850c3d524428bf2ef460c2dcbdc8,D,language,4,0
40df850c3d524428bf2ef460c2dcbdc8,D,language,5,0
40df850c3d524428bf2ef460c2dcbdc8,D,language,6,0
40df850c3d524428bf2ef460c2dcbdc8,D,language,7,0
d050b054d7fd4d57b07845e79dec8a9e,D,age,1,0
d050b054d7fd4d57b07845e79dec8a9e,D,age,2,1
d050b054d7fd4d57b07845e79dec8a9e,D,age,3,0
d050b054d7fd4d57b07845e79dec8a9e,D,age,4,0
d050b054d7fd4d57b07845e79dec8a9e,D,age,5,0
d050b054d7fd4d57b07845e79dec8a9e,D,age,6,0
d050b054d7fd4d57b07845e79dec8a9e,D,age,7,0
d050b054d7fd4d57b07845e79dec8a9e,D,gender,1,0
d050b054d7fd4d57b07845e79dec8a9e,D,gender,2,1
d050b054d7fd4d57b07845e79dec8a9e,D,gender,3,0
d050b054d7fd4d57b07845e79dec8a9e,D,gender,4,0
d050b054d7fd4d57b07845e79dec8a9e,D,gender,5,0
d050b054d7fd4d57b07845e79dec8a9e,D,gender,6,0
d050b054d7fd4d57b07845e79dec8a9e,D,language,1,0
d050b054d7fd4d57b07845e79dec8a9e,D,language,2,0
d050b054d7fd4d57b07845e79dec8a9e,D,language,3,0
d050b054d7fd4d57b07845e79dec8a9e,D,language,4,1
d050b054d7fd4d57b07845e79dec8a9e,D,language,5,0
d050b054d7fd4d57b07845e79dec8a9e,D,language,6,0
d050b054d7fd4d57b07845e79dec8a9e,D,language,7,0
433dc96965c74cf98427f45279cd30e7,D,age,1,1
433dc96965c74cf98427f45279cd30e7,D,age,2,0
433dc96965c74cf98427f45279cd30e7,D,age,3,0
433dc96965c74cf98427f45279cd30e7,D,age,4,0
433dc96965c74cf98427f45279cd30e7,D,age,5,0
433dc96965c74cf98427f45279cd30e7,D,age,6,0
433dc96965c74cf98427f45279cd30e7,D,age,7,0
433dc96965c74cf98427f45279cd30e7,D,gender,1,1
433dc96965c74cf98427f45279cd30e7,D,gender,2,0
433dc96965c74cf98427f45279cd30e7,D,gender,3,0
433dc96965c74cf98427f45279cd30e7,D,gender,4,0
433dc96965c74cf98427f45279cd30e7,D,gender,5,0
433dc96965c74cf98427f45279cd30e7,D,gender,6,0
433dc96965c74cf98427f45279cd30e7,D,language,1,0
433dc96965c74cf98427f45279cd30e7,D,language,2,0
433dc96965c74cf98427f45279cd30e7,D,language,3,1
433dc96965c74cf98427f45279cd30e7,D,language,4,0
433dc96965c74cf98427f45279cd30e7,D,language,5,0
433dc96965c74cf98427f45279cd30e7,D,language,6,0
433dc96965c74cf98427f45279cd30e7,D,language,7,0
21b594dc717c456e870fdc8c86b283d3,D,age,1,0
21b594dc717c456e870fdc8c86b283d3,D,age,2,1
21b594dc717c456e870fdc8c86b283d3,D,age,3,0
21b594dc717c456e870fdc8c86b283d3,D,age,4,0
21b594dc717c456e870fdc8c86b283d3,D,age,5,0
21b594dc717c456e870fdc8c86b283d3,D,age,6,0
21b594dc717c456e870fdc8c86b283d3,D,age,7,0
21b594dc717c456e870fdc8c86b283d3,D,gender,1,1
21b594dc717c456e870fdc8c86b283d3,D,gender,2,0
21b594dc717c456e870fdc8c86b283d3,D,gender,3,0
21b594dc717c456e870fdc8c86b283d3,D,gender,4,0
21b594dc717c456e870fdc8c86b283d3,D,gender,5,0
21b594dc717c456e870fdc8c86b283d3,D,gender,6,0
21b594dc717c456e870fdc8c86b283d3,D,language,1,0
21b594dc717c456e870fdc8c86b283d3,D,language,2,0
21b594dc717c456e870fdc8c86b283d3,D,language,3,0
21b594dc717c456e870fdc8c86b283d3,D,language,4,1
21b594dc717c456e870fdc8c86b283d3,D,language,5,0
21b594dc717c456e870fdc8c86b283d3,D,language,6,0
21b594dc717c456e870fdc8c86b283d3,D,language,7,0
eba5eb5f78624e8fa8830365ec461bce,D,age,1,1
eba5eb5f78624e8fa8830365ec461bce,D,age,2,0
eba5eb5f78624e8fa8830365ec461bce,D,age,3,0
eba5eb5f78624e8fa8830365ec461bce,D,age,4,0
eba5eb5f78624e8fa8830365ec461bce,D,age,5,0
eba5eb5f78624e8fa8830365ec461bce,D,age,6,0
eba5eb5f78624e8fa8830365ec461bce,D,age,7,0
eba5eb5f78624e8fa8830365ec461bce,D,gender,1,0
eba5eb5f78624e8fa8830365ec461bce,D,gender,2,1
eba5eb5f78624e8fa8830365ec461bce,D,gender,3,0
eba5eb5f78624e8fa8830365ec461bce,D,gender,4,0
eba5eb5f78624e8fa8830365ec461bce,D,gender,5,0
eba5eb5f78624e8fa8830365ec461bce,D,gender,6,0
eba5eb5f78624e8fa8830365ec461bce,D,language,1,0
eba5eb5f78624e8fa8830365ec461bce,D,language,2,0
eba5eb5f78624e8fa8830365ec461bce,D,language,3,0
eba5eb5f78624e8fa8830365ec461bce,D,language,4,1
eba5eb5f78624e8fa8830365ec461bce,D,language,5,0
eba5eb5f78624e8fa8830365ec461bce,D,language,6,0
eba5eb5f78624e8fa8830365ec461bce,D,language,7,0
e6adeaab2177492aa448eed5f7509de3,D,age,1,1
e6adeaab2177492aa448eed5f7509de3,D,age,2,0
e6adeaab2177492aa448eed5f7509de3,D,age,3,0
e6adeaab2177492aa448eed5f7509de3,D,age,4,0
e6adeaab2177492aa448eed5f7509de3,D,age,5,0
e6adeaab2177492aa448eed5f7509de3,D,age,6,0
e6adeaab2177492aa448eed5f7509de3,D,age,7,0
e6adeaab2177492aa448eed5f7509de3,D,gender,1,0
e6adeaab2177492aa448eed5f7509de3,D,gender,2,1
e6adeaab2177492aa448eed5f7509de3,D,gender,3,0
e6adeaab2177492aa448eed5f7509de3,D,gender,4,0
e6adeaab2177492aa448eed5f7509de3,D,gender,5,0
e6adeaab2177492aa448eed5f7509de3,D,gender,6,0
e6adeaab2177492aa448eed5f7509de3,D,language,1,0
e6adeaab2177492aa448eed5f7509de3,D,language,2,0
e6adeaab2177492aa448eed5f7509de3,D,language,3,0
e6adeaab2177492aa448eed5f7509de3,D,language,4,1
e6adeaab2177492aa448eed5f7509de3,D,language,5,0
e6adeaab2177492aa448eed5f7509de3,D,language,6,0
e6adeaab2177492aa448eed5f7509de3,D,language,7,0
a31890626f53428fa6337fc8c97d2a8a,D,age,1,1
a31890626f53428fa6337fc8c97d2a8a,D,age,2,0
a31890626f53428fa6337fc8c97d2a8a,D,age,3,0
a31890626f53428fa6337fc8c97d2a8a,D,age,4,0
a31890626f53428fa6337fc8c97d2a8a,D,age,5,0
a31890626f53428fa6337fc8c97d2a8a,D,age,6,0
a31890626f53428fa6337fc8c97d2a8a,D,age,7,0
a31890626f53428fa6337fc8c97d2a8a,D,gender,1,0
a31890626f53428fa6337fc8c97d2a8a,D,gender,2,1
a31890626f53428fa6337fc8c97d2a8a,D,gender,3,0
a31890626f53428fa6337fc8c97d2a8a,D,gender,4,0
a31890626f53428fa6337fc8c97d2a8a,D,gender,5,0
a31890626f53428fa6337fc8c97d2a8a,D,gender,6,0
a31890626f53428fa6337fc8c97d2a8a,D,language,1,0
a31890626f53428fa6337fc8c97d2a8a,D,language,2,0
a31890626f53428fa6337fc8c97d2a8a,D,language,3,1
a31890626f53428fa6337fc8c97d2a8a,D,language,4,0
a31890626f53428fa6337fc8c97d2a8a,D,language,5,0
a31890626f53428fa6337fc8c97d2a8a,D,language,6,0
a31890626f53428fa6337fc8c97d2a8a,D,language,7,0
21ef68c0992243f8b9899146d47d7bc8,D,age,1,1
21ef68c0992243f8b9899146d47d7bc8,D,age,2,0
21ef68c0992243f8b9899146d47d7bc8,D,age,3,0
21ef68c0992243f8b9899146d47d7bc8,D,age,4,0
21ef68c0992243f8b9899146d47d7bc8,D,age,5,0
21ef68c0992243f8b9899146d47d7bc8,D,age,6,0
21ef68c0992243f8b9899146d47d7bc8,D,age,7,0
21ef68c0992243f8b9899146d47d7bc8,D,gender,1,1
21ef68c0992243f8b9899146d47d7bc8,D,gender,2,0
21ef68c0992243f8b9899146d47d7bc8,D,gender,3,0
21ef68c0992243f8b9899146d47d7bc8,D,gender,4,0
21ef68c0992243f8b9899146d47d7bc8,D,gender,5,0
21ef68c0992243f8b9899146d47d7bc8,D,gender,6,0
21ef68c0992243f8b9899146d47d7bc8,D,language,1,0
21ef68c0992243f8b9899146d47d7bc8,D,language,2,0
21ef68c0992243f8b9899146d47d7bc8,D,language,3,1
21ef68c0992243f8b9899146d47d7bc8,D,language,4,0
21ef68c0992243f8b9899146d47d7bc8,D,language,5,0
21ef68c0992243f8b9899146d47d7bc8,D,language,6,0
21ef68c0992243f8b9899146d47d7bc8,D,language,7,0
1f7c5567a0084003ae7709262cb140fe,D,age,1,0
1f7c5567a0084003ae7709262cb140fe,D,age,2,1
1f7c5567a0084003ae7709262cb140fe,D,age,3,0
1f7c5567a0084003ae7709262cb140fe,D,age,4,0
1f7c5567a0084003ae7709262cb140fe,D,age,5,0
1f7c5567a0084003ae7709262cb140fe,D,age,6,0
1f7c5567a0084003ae7709262cb140fe,D,age,7,0
1f7c5567a0084003ae7709262cb140fe,D,gender,1,0
1f7c5567a0084003ae7709262cb140fe,D,gender,2,1
1f7c5567a0084003ae7709262cb140fe,D,gender,3,0
1f7c5567a0084003ae7709262cb140fe,D,gender,4,0
1f7c5567a0084003ae7709262cb140fe,D,gender,5,0
1f7c5567a0084003ae7709262cb140fe,D,gender,6,0
1f7c5567a0084003ae7709262cb140fe,D,language,1,0
1f7c5567a0084003ae7709262cb140fe,D,language,2,0
1f7c5567a0084003ae7709262cb140fe,D,language,3,0
1f7c5567a0084003ae7709262cb140fe,D,language,4,0
1f7c5567a0084003ae7709262cb140fe,D,language,5,1
1f7c5567a0084003ae7709262cb140fe,D,language,6,0
1f7c5567a0084003ae7709262cb140fe,D,language,7,0
5dc3d112199d44dc80b468d63b7c735f,D,age,1,0
5dc3d112199d44dc80b468d63b7c735f,D,age,2,1
5dc3d112199d44dc80b468d63b7c735f,D,age,3,0
5dc3d112199d44dc80b468d63b7c735f,D,age,4,0
5dc3d112199d44dc80b468d63b7c735f,D,age,5,0
5dc3d112199d44dc80b468d63b7c735f,D,age,6,0
5dc3d112199d44dc80b468d63b7c735f,D,age,7,0
5dc3d112199d44dc80b468d63b7c735f,D,gender,1,1
5dc3d112199d44dc80b468d63b7c735f,D,gender,2,0
5dc3d112199d44dc80b468d63b7c735f,D,gender,3,0
5dc3d112199d44dc80b468d63b7c735f,D,gender,4,0
5dc3d112199d44dc80b468d63b7c735f,D,gender,5,0
5dc3d112199d44dc80b468d63b7c735f,D,gender,6,0
5dc3d112199d44dc80b468d63b7c735f,D,language,1,0
5dc3d112199d44dc80b468d63b7c735f,D,language,2,0
5dc3d112199d44dc80b468d63b7c735f,D,language,3,0
5dc3d112199d44dc80b468d63b7c735f,D,language,4,1
5dc3d112199d44dc80b468d63b7c735f,D,language,5,0
5dc3d112199d44dc80b468d63b7c735f,D,language,6,0
5dc3d112199d44dc80b468d63b7c735f,D,language,7,0
59f79965c543476193007b4783b7ed66,D,age,1,0
59f79965c543476193007b4783b7ed66,D,age,2,1
59f79965c543476193007b4783b7ed66,D,age,3,0
59f79965c543476193007b4783b7ed66,D,age,4,0
59f79965c543476193007b4783b7ed66,D,age,5,0
59f79965c543476193007b4783b7ed66,D,age,6,0
59f79965c543476193007b4783b7ed66,D,age,7,0
59f79965c543476193007b4783b7ed66,D,gender,1,0
59f79965c543476193007b4783b7ed66,D,gender,2,1
59f79965c543476193007b4783b7ed66,D,gender,3,0
59f79965c543476193007b4783b7ed66,D,gender,4,0
59f79965c543476193007b4783b7ed66,D,gender,5,0
59f79965c543476193007b4783b7ed66,D,gender,6,0
59f79965c543476193007b4783b7ed66,D,language,1,0
59f79965c543476193007b4783b7ed66,D,language,2,0
59f79965c543476193007b4783b7ed66,D,language,3,0
59f79965c543476193007b4783b7ed66,D,language,4,1
59f79965c543476193007b4783b7ed66,D,language,5,0
59f79965c543476193007b4783b7ed66,D,language,6,0
59f79965c543476193007b4783b7ed66,D,language,7,0
327167cf5e404fea8ffdc3fb06bb8a8d,D,age,1,1
327167cf5e404fea8ffdc3fb06bb8a8d,D,age,2,0
327167cf5e404fea8ffdc3fb06bb8a8d,D,age,3,0
327167cf5e404fea8ffdc3fb06bb8a8d,D,age,4,0
327167cf5e404fea8ffdc3fb06bb8a8d,D,age,5,0
327167cf5e404fea8ffdc3fb06bb8a8d,D,age,6,0
327167cf5e404fea8ffdc3fb06bb8a8d,D,age,7,0
327167cf5e404fea8ffdc3fb06bb8a8d,D,gender,1,0
327167cf5e404fea8ffdc3fb06bb8a8d,D,gender,2,1
327167cf5e404fea8ffdc3fb06bb8a8d,D,gender,3,0
327167cf5e404fea8ffdc3fb06bb8a8d,D,gender,4,0
327167cf5e404fea8ffdc3fb06bb8a8d,D,gender,5,0
327167cf5e404fea8ffdc3fb06bb8a8d,D,gender,6,0
327167cf5e404fea8ffdc3fb06bb8a8d,D,language,1,0
327167cf5e404fea8ffdc3fb06bb8a8d,D,language,2,0
327167cf5e404fea8ffdc3fb06bb8a8d,D,language,3,0
327167cf5e404fea8ffdc3fb06bb8a8d,D,language,4,1
327167cf5e404fea8ffdc3fb06bb8a8d,D,language,5,0
327167cf5e404fea8ffdc3fb06bb8a8d,D,language,6,0
327167cf5e404fea8ffdc3fb06bb8a8d,D,language,7,0
07ce5066ca19425f8e6afaaf46f4e850,D,age,1,0
07ce5066ca19425f8e6afaaf46f4e850,D,age,2,1
07ce5066ca19425f8e6afaaf46f4e850,D,age,3,0
07ce5066ca19425f8e6afaaf46f4e850,D,age,4,0
07ce5066ca19425f8e6afaaf46f4e850,D,age,5,0
07ce5066ca19425f8e6afaaf46f4e850,D,age,6,0
07ce5066ca19425f8e6afaaf46f4e850,D,age,7,0
07ce5066ca19425f8e6afaaf46f4e850,D,gender,1,0
07ce5066ca19425f8e6afaaf46f4e850,D,gender,2,1
07ce5066ca19425f8e6afaaf46f4e850,D,gender,3,0
07ce5066ca19425f8e6afaaf46f4e850,D,gender,4,0
07ce5066ca19425f8e6afaaf46f4e850,D,gender,5,0
07ce5066ca19425f8e6afaaf46f4e850,D,gender,6,0
07ce5066ca19425f8e6afaaf46f4e850,D,language,1,0
07ce5066ca19425f8e6afaaf46f4e850,D,language,2,0
07ce5066ca19425f8e6afaaf46f4e850,D,language,3,0
07ce5066ca19425f8e6afaaf46f4e850,D,language,4,1
07ce5066ca19425f8e6afaaf46f4e850,D,language,5,0
07ce5066ca19425f8e6afaaf46f4e850,D,language,6,0
07ce5066ca19425f8e6afaaf46f4e850,D,language,7,0
05617831326145f598ef517952895da6,D,age,1,1
05617831326145f598ef517952895da6,D,age,2,0
05617831326145f598ef517952895da6,D,age,3,0
05617831326145f598ef517952895da6,D,age,4,0
05617831326145f598ef517952895da6,D,age,5,0
05617831326145f598ef517952895da6,D,age,6,0
05617831326145f598ef517952895da6,D,age,7,0
05617831326145f598ef517952895da6,D,gender,1,1
05617831326145f598ef517952895da6,D,gender,2,0
05617831326145f598ef517952895da6,D,gender,3,0
05617831326145f598ef517952895da6,D,gender,4,0
05617831326145f598ef517952895da6,D,gender,5,0
05617831326145f598ef517952895da6,D,gender,6,0
05617831326145f598ef517952895da6,D,language,1,0
05617831326145f598ef517952895da6,D,language,2,0
05617831326145f598ef517952895da6,D,language,3,0
05617831326145f598ef517952895da6,D,language,4,1
05617831326145f598ef517952895da6,D,language,5,0
05617831326145f598ef517952895da6,D,language,6,0
05617831326145f598ef517952895da6,D,language,7,0
70e58e72f695435683d28ebfe8197051,D,age,1,0
70e58e72f695435683d28ebfe8197051,D,age,2,1
70e58e72f695435683d28ebfe8197051,D,age,3,0
70e58e72f695435683d28ebfe8197051,D,age,4,0
70e58e72f695435683d28ebfe8197051,D,age,5,0
70e58e72f695435683d28ebfe8197051,D,age,6,0
70e58e72f695435683d28ebfe8197051,D,age,7,0
70e58e72f695435683d28ebfe8197051,D,gender,1,1
70e58e72f695435683d28ebfe8197051,D,gender,2,0
70e58e72f695435683d28ebfe8197051,D,gender,3,0
70e58e72f695435683d28ebfe8197051,D,gender,4,0
70e58e72f695435683d28ebfe8197051,D,gender,5,0
70e58e72f695435683d28ebfe8197051,D,gender,6,0
70e58e72f695435683d28ebfe8197051,D,language,1,0
70e58e72f695435683d28ebfe8197051,D,language,2,0
70e58e72f695435683d28ebfe8197051,D,language,3,0
70e58e72f695435683d28ebfe8197051,D,language,4,0
70e58e72f695435683d28ebfe8197051,D,language,5,1
70e58e72f695435683d28ebfe8197051,D,language,6,0
70e58e72f695435683d28ebfe8197051,D,language,7,0
d62a27d602a04dcfb45b9b25c0ce71f9,D,age,1,0
d62a27d602a04dcfb45b9b25c0ce71f9,D,age,2,1
d62a27d602a04dcfb45b9b25c0ce71f9,D,age,3,0
d62a27d602a04dcfb45b9b25c0ce71f9,D,age,4,0
d62a27d602a04dcfb45b9b25c0ce71f9,D,age,5,0
d62a27d602a04dcfb45b9b25c0ce71f9,D,age,6,0
d62a27d602a04dcfb45b9b25c0ce71f9,D,age,7,0
d62a27d602a04dcfb45b9b25c0ce71f9,D,gender,1,0
d62a27d602a04dcfb45b9b25c0ce71f9,D,gender,2,1
d62a27d602a04dcfb45b9b25c0ce71f9,D,gender,3,0
d62a27d602a04dcfb45b9b25c0ce71f9,D,gender,4,0
d62a27d602a04dcfb45b9b25c0ce71f9,D,gender,5,0
d62a27d602a04dcfb45b9b25c0ce71f9,D,gender,6,0
d62a27d602a04dcfb45b9b25c0ce71f9,D,language,1,0
d62a27d602a04dcfb45b9b25c0ce71f9,D,language,2,0
d62a27d602a04dcfb45b9b25c0ce71f9,D,language,3,0
d62a27d602a04dcfb45b9b25c0ce71f9,D,language,4,1
d62a27d602a04dcfb45b9b25c0ce71f9,D,language,5,0
d62a27d602a04dcfb45b9b25c0ce71f9,D,language,6,0
d62a27d602a04dcfb45b9b25c0ce71f9,D,language,7,0
f8afe5af62d847f28a02c9c97a43cd4d,D,age,1,1
f8afe5af62d847f28a02c9c97a43cd4d,D,age,2,0
f8afe5af62d847f28a02c9c97a43cd4d,D,age,3,0
f8afe5af62d847f28a02c9c97a43cd4d,D,age,4,0
f8afe5af62d847f28a02c9c97a43cd4d,D,age,5,0
f8afe5af62d847f28a02c9c97a43cd4d,D,age,6,0
f8afe5af62d847f28a02c9c97a43cd4d,D,age,7,0
f8afe5af62d847f28a02c9c97a43cd4d,D,gender,1,0
f8afe5af62d847f28a02c9c97a43cd4d,D,gender,2,1
f8afe5af62d847f28a02c9c97a43cd4d,D,gender,3,0
f8afe5af62d847f28a02c9c97a43cd4d,D,gender,4,0
f8afe5af62d847f28a02c9c97a43cd4d,D,gender,5,0
f8afe5af62d847f28a02c9c97a43cd4d,D,gender,6,0
f8afe5af62d847f28a02c9c97a43cd4d,D,language,1,0
f8afe5af62d847f28a02c9c97a43cd4d,D,language,2,0
f8afe5af62d847f28a02c9c97a43cd4d,D,language,3,1
f8afe5af62d847f28a02c9c97a43cd4d,D,language,4,0
f8afe5af62d847f28a02c9c97a43cd4d,D,language,5,0
f8afe5af62d847f28a02c9c97a43cd4d,D,language,6,0
f8afe5af62d847f28a02c9c97a43cd4d,D,language,7,0
90ba61e1ebc047a78ac0b01c1f284644,D,age,1,1
90ba61e1ebc047a78ac0b01c1f284644,D,age,2,0
90ba61e1ebc047a78ac0b01c1f284644,D,age,3,0
90ba61e1ebc047a78ac0b01c1f284644,D,age,4,0
90ba61e1ebc047a78ac0b01c1f284644,D,age,5,0
90ba61e1ebc047a78ac0b01c1f284644,D,age,6,0
90ba61e1ebc047a78ac0b01c1f284644,D,age,7,0
90ba61e1ebc047a78ac0b01c1f284644,D,gender,1,0
90ba61e1ebc047a78ac0b01c1f284644,D,gender,2,1
90ba61e1ebc047a78ac0b01c1f284644,D,gender,3,0
90ba61e1ebc047a78ac0b01c1f284644,D,gender,4,0
90ba61e1ebc047a78ac0b01c1f284644,D,gender,5,0
90ba61e1ebc047a78ac0b01c1f284644,D,gender,6,0
90ba61e1ebc047a78ac0b01c1f284644,D,language,1,0
90ba61e1ebc047a78ac0b01c1f284644,D,language,2,0
90ba61e1ebc047a78ac0b01c1f284644,D,language,3,0
90ba61e1ebc047a78ac0b01c1f284644,D,language,4,0
90ba61e1ebc047a78ac0b01c1f284644,D,language,5,0
90ba61e1ebc047a78ac0b01c1f284644,D,language,6,0
90ba61e1ebc047a78ac0b01c1f284644,D,language,7,1
dceadbb56aee49d08c7edfa1b67c41c6,D,age,1,0
dceadbb56aee49d08c7edfa1b67c41c6,D,age,2,0
dceadbb56aee49d08c7edfa1b67c41c6,D,age,3,0
dceadbb56aee49d08c7edfa1b67c41c6,D,age,4,0
dceadbb56aee49d08c7edfa1b67c41c6,D,age,5,0
dceadbb56aee49d08c7edfa1b67c41c6,D,age,6,0
dceadbb56aee49d08c7edfa1b67c41c6,D,age,7,1
dceadbb56aee49d08c7edfa1b67c41c6,D,gender,1,0
dceadbb56aee49d08c7edfa1b67c41c6,D,gender,2,0
dceadbb56aee49d08c7edfa1b67c41c6,D,gender,3,0
dceadbb56aee49d08c7edfa1b67c41c6,D,gender,4,0
dceadbb56aee49d08c7edfa1b67c41c6,D,gender,5,0
dceadbb56aee49d08c7edfa1b67c41c6,D,gender,6,1
dceadbb56aee49d08c7edfa1b67c41c6,D,language,1,0
dceadbb56aee49d08c7edfa1b67c41c6,D,language,2,0
dceadbb56aee49d08c7edfa1b67c41c6,D,language,3,0
dceadbb56aee49d08c7edfa1b67c41c6,D,language,4,0
dceadbb56aee49d08c7edfa1b67c41c6,D,language,5,0
dceadbb56aee49d08c7edfa1b67c41c6,D,language,6,0
dceadbb56aee49d08c7edfa1b67c41c6,D,language,7,1