userId,group,planetNo,attemptNo,plant1,plant2,plant3,plant4,plant5,CFplant1,CFplant2,CFplant3,CFplant4,CFplant5,oldPred,newPred
bb284246c5a64c258a92fa940218e85c,U,1,0,3,1,3,2,2,3,1,3,2,2,0,0
bb284246c5a64c258a92fa940218e85c,U,1,0,3,3,3,2,2,2,3,3,1,2,0,1
bb284246c5a64c258a92fa940218e85c,U,2,0,4,1,2,3,3,0,0,0,0,0,0,0
bb284246c5a64c258a92fa940218e85c,U,2,0,4,3,2,3,3,3,3,2,2,3,0,1
bb284246c5a64c258a92fa940218e85c,U,3,0,0,0,2,0,0,0,0,0,0,0,0,0
bb284246c5a64c258a92fa940218e85c,U,3,0,0,0,2,1,0,0,0,0,0,0,0,0
bb284246c5a64c258a92fa940218e85c,U,3,0,0,0,2,1,1,0,0,0,0,0,0,0
69ea7539af154597af79cae6caa3e9a6,U,1,0,4,2,5,3,1,4,2,5,3,1,0,0
69ea7539af154597af79cae6caa3e9a6,U,1,0,3,3,5,3,1,3,3,3,1,1,0,1
69ea7539af154597af79cae6caa3e9a6,U,2,0,3,1,5,1,3,3,1,5,1,3,0,0
69ea7539af154597af79cae6caa3e9a6,U,2,0,3,3,5,1,3,3,3,2,1,3,0,1
69ea7539af154597af79cae6caa3e9a6,U,3,0,3,1,1,1,1,0,0,0,0,0,0,0
69ea7539af154597af79cae6caa3e9a6,U,3,0,2,2,1,1,1,0,0,0,0,0,0,0
69ea7539af154597af79cae6caa3e9a6,U,3,0,3,0,2,1,1,0,0,0,0,0,0,0
354be11f94a64eb08d1da2b89afb1bfc,U,1,0,0,1,0,0,0,0,0,0,0,0,0,0
354be11f94a64eb08d1da2b89afb1bfc,U,1,0,1,2,1,1,1,0,0,0,0,0,0,0
354be11f94a64eb08d1da2b89afb1bfc,U,1,0,1,2,2,2,2,0,0,0,0,0,0,0
354be11f94a64eb08d1da2b89afb1bfc,U,2,0,1,2,3,3,3,1,2,3,3,3,0,0
354be11f94a64eb08d1da2b89afb1bfc,U,2,0,1,2,3,3,2,1,2,3,3,2,0,0
354be11f94a64eb08d1da2b89afb1bfc,U,3,0,2,2,2,1,1,0,0,0,0,0,0,0
48e8dd46c2824a34a6ce5a73b6ccbf4c,U,1,0,0,0,0,1,0,0,0,0,0,0,0,0
48e8dd46c2824a34a6ce5a73b6ccbf4c,U,1,0,0,4,3,2,2,0,3,3,1,2,0,1
48e8dd46c2824a34a6ce5a73b6ccbf4c,U,2,0,0,2,5,3,2,0,2,5,3,2,0,0
48e8dd46c2824a34a6ce5a73b6ccbf4c,U,2,0,0,3,5,3,1,0,3,2,2,1,0,1
48e8dd46c2824a34a6ce5a73b6ccbf4c,U,3,0,5,1,2,1,5,0,0,0,0,0,0,0
48e8dd46c2824a34a6ce5a73b6ccbf4c,U,3,0,5,2,1,2,5,0,0,0,0,0,0,0
17b357c9c55f433782173bcbdc215dd5,U,1,0,6,2,6,2,6,6,2,6,2,6,0,0
36e5acc0b33c4d4f8481f56cd4efe696,U,1,0,1,2,1,2,0,0,0,0,0,0,0,0
36e5acc0b33c4d4f8481f56cd4efe696,U,1,0,1,1,1,3,1,0,0,0,0,0,0,0
36e5acc0b33c4d4f8481f56cd4efe696,U,1,0,1,1,2,0,3,0,0,0,0,0,0,0
36e5acc0b33c4d4f8481f56cd4efe696,U,2,0,2,1,3,2,0,2,1,3,2,0,0,0
36e5acc0b33c4d4f8481f56cd4efe696,U,2,0,1,2,4,1,2,1,2,4,1,2,0,0
36e5acc0b33c4d4f8481f56cd4efe696,U,2,0,0,1,3,2,4,0,1,3,2,4,0,0
36e5acc0b33c4d4f8481f56cd4efe696,U,3,0,2,2,4,1,1,2,2,4,1,1,0,0
36e5acc0b33c4d4f8481f56cd4efe696,U,3,0,1,1,1,1,1,0,0,0,0,0,0,0
36e5acc0b33c4d4f8481f56cd4efe696,U,3,0,2,4,4,0,3,2,3,4,0,1,0,1
b9bb6bc6c2704f7a94252c2d4e54649a,U,1,0,1,1,1,1,1,0,0,0,0,0,0,0
b9bb6bc6c2704f7a94252c2d4e54649a,U,1,0,3,1,1,1,3,0,0,0,0,0,0,0
b9bb6bc6c2704f7a94252c2d4e54649a,U,1,0,3,2,3,2,3,3,2,3,2,3,0,0
b9bb6bc6c2704f7a94252c2d4e54649a,U,2,0,3,2,2,2,3,0,0,0,0,0,0,0
b9bb6bc6c2704f7a94252c2d4e54649a,U,2,0,4,2,2,2,4,0,0,0,0,0,0,0
b9bb6bc6c2704f7a94252c2d4e54649a,U,2,0,4,2,3,2,4,4,2,3,2,4,0,0
b9bb6bc6c2704f7a94252c2d4e54649a,U,3,0,0,0,0,0,0,0,0,0,0,0,0,0
927cf8b734aa451291660cc6e55c4c60,U,1,0,1,2,2,2,1,0,0,0,0,0,0,0
927cf8b734aa451291660cc6e55c4c60,U,1,0,2,3,2,3,2,2,3,2,1,2,0,1
927cf8b734aa451291660cc6e55c4c60,U,2,0,1,2,3,1,1,1,2,3,1,1,0,0
927cf8b734aa451291660cc6e55c4c60,U,2,0,2,3,2,1,1,2,3,2,1,1,0,1
927cf8b734aa451291660cc6e55c4c60,U,3,0,2,1,1,1,3,0,0,0,0,0,0,0
927cf8b734aa451291660cc6e55c4c60,U,3,0,3,1,1,1,3,0,0,0,0,0,0,0
927cf8b734aa451291660cc6e55c4c60,U,3,0,3,1,1,2,3,0,0,0,0,0,0,0
66311034328a4f0f82032dd810f4fd30,U,1,0,2,1,3,1,2,2,1,3,1,2,0,0
66311034328a4f0f82032dd810f4fd30,U,1,0,1,0,2,0,0,0,0,0,0,0,0,0
66311034328a4f0f82032dd810f4fd30,U,1,0,2,0,1,0,0,0,0,0,0,0,0,0
66311034328a4f0f82032dd810f4fd30,U,2,0,4,2,4,4,4,4,2,4,4,4,0,0
66311034328a4f0f82032dd810f4fd30,U,2,0,4,2,4,4,3,4,2,4,4,3,0,0
66311034328a4f0f82032dd810f4fd30,U,2,0,5,3,3,4,3,3,3,3,2,3,0,1
66311034328a4f0f82032dd810f4fd30,U,3,0,1,0,2,1,0,0,0,0,0,0,0,0
66311034328a4f0f82032dd810f4fd30,U,3,0,1,0,2,1,1,0,0,0,0,0,0,0
66311034328a4f0f82032dd810f4fd30,U,3,0,1,1,2,1,1,0,0,0,0,0,0,0
e1364da8330c41498bb5fcf66c47f40f,U,1,0,0,0,0,0,0,0,0,0,0,0,0,0
e1364da8330c41498bb5fcf66c47f40f,U,1,0,6,6,2,6,0,6,3,2,1,0,0,1
e1364da8330c41498bb5fcf66c47f40f,U,2,0,3,5,5,5,1,3,3,5,2,1,0,1
e1364da8330c41498bb5fcf66c47f40f,U,3,0,1,1,1,2,2,0,0,0,0,0,0,0
e1364da8330c41498bb5fcf66c47f40f,U,3,0,1,1,0,2,2,0,0,0,0,0,0,0
e1364da8330c41498bb5fcf66c47f40f,U,3,0,0,0,0,1,1,0,0,0,0,0,0,0
662c58127f3d4ebbb43ceb397bbabb85,U,1,0,3,3,3,1,2,2,3,3,1,2,0,1
662c58127f3d4ebbb43ceb397bbabb85,U,2,0,3,1,3,2,3,3,1,3,2,3,0,0
662c58127f3d4ebbb43ceb397bbabb85,U,2,0,3,1,3,2,4,3,1,3,2,4,0,0
662c58127f3d4ebbb43ceb397bbabb85,U,2,0,3,2,3,2,4,3,2,3,2,4,0,0
662c58127f3d4ebbb43ceb397bbabb85,U,3,0,0,2,1,0,0,0,0,0,0,0,0,0
f8c38f6874a94db5a3fd5e7d50619bc2,U,1,0,3,2,4,4,2,3,2,4,4,2,0,0
f8c38f6874a94db5a3fd5e7d50619bc2,U,1,0,3,3,3,3,2,2,3,3,1,2,0,1
f8c38f6874a94db5a3fd5e7d50619bc2,U,2,0,3,3,2,2,3,3,3,2,2,3,0,1
f8c38f6874a94db5a3fd5e7d50619bc2,U,3,0,0,2,1,1,0,0,0,0,0,0,0,0
f8c38f6874a94db5a3fd5e7d50619bc2,U,3,0,0,3,0,1,0,0,3,0,1,0,0,1
fda28ae2441643f48ccc6ad8619d3ae4,U,1,0,2,1,3,1,2,2,1,3,1,2,0,0
fda28ae2441643f48ccc6ad8619d3ae4,U,1,0,4,4,1,1,5,4,3,1,1,2,0,1
fda28ae2441643f48ccc6ad8619d3ae4,U,2,0,0,0,6,6,0,0,0,6,6,0,0,0
fda28ae2441643f48ccc6ad8619d3ae4,U,2,0,0,1,6,6,1,0,1,6,6,1,0,0
fda28ae2441643f48ccc6ad8619d3ae4,U,2,0,1,1,1,3,3,0,0,0,0,0,0,0
fda28ae2441643f48ccc6ad8619d3ae4,U,3,0,2,2,4,1,1,2,2,4,1,1,0,0
fda28ae2441643f48ccc6ad8619d3ae4,U,3,0,6,6,0,0,4,6,3,0,0,1,0,1
51964507adc04b89abaa923d9130ee63,U,1,0,4,1,4,1,2,4,1,4,1,2,0,0
51964507adc04b89abaa923d9130ee63,U,1,0,4,3,4,1,3,2,3,4,1,3,0,1
51964507adc04b89abaa923d9130ee63,U,2,0,3,3,2,2,3,3,3,2,2,3,0,1
51964507adc04b89abaa923d9130ee63,U,3,0,0,1,1,0,0,0,0,0,0,0,0,0
51964507adc04b89abaa923d9130ee63,U,3,0,0,2,0,0,0,0,0,0,0,0,0,0
39d6550eb2f54f0f8eb9f6237276ddc4,U,1,0,2,1,6,1,2,2,1,6,1,2,0,0
39d6550eb2f54f0f8eb9f6237276ddc4,U,1,0,2,3,6,1,2,2,3,3,1,2,0,1
39d6550eb2f54f0f8eb9f6237276ddc4,U,2,0,3,2,2,2,4,0,0,0,0,0,0,0
39d6550eb2f54f0f8eb9f6237276ddc4,U,2,0,3,3,2,1,4,3,3,2,1,3,0,1
39d6550eb2f54f0f8eb9f6237276ddc4,U,3,0,2,1,1,2,1,0,0,0,0,0,0,0
39d6550eb2f54f0f8eb9f6237276ddc4,U,3,0,1,1,1,2,1,0,0,0,0,0,0,0
4a7eb3142e4a45409f14eb48b25d5c44,U,1,0,3,2,3,2,3,3,2,3,2,3,0,0
4a7eb3142e4a45409f14eb48b25d5c44,U,1,0,2,1,3,1,2,2,1,3,1,2,0,0
4a7eb3142e4a45409f14eb48b25d5c44,U,1,0,2,2,3,1,2,2,2,3,1,2,0,0
4a7eb3142e4a45409f14eb48b25d5c44,U,2,0,1,2,3,2,3,1,2,3,2,3,0,0
d4caf5404b7446ea88c1aaf2562cb5af,U,1,0,3,2,3,3,2,3,2,3,3,2,0,0
d4caf5404b7446ea88c1aaf2562cb5af,U,1,0,3,2,4,4,2,3,2,4,4,2,0,0
d4caf5404b7446ea88c1aaf2562cb5af,U,1,0,3,3,4,4,2,3,3,3,1,2,0,1
d4caf5404b7446ea88c1aaf2562cb5af,U,2,0,3,2,2,2,3,0,0,0,0,0,0,0
d4caf5404b7446ea88c1aaf2562cb5af,U,2,0,2,3,2,2,2,2,3,2,2,2,0,1
d4caf5404b7446ea88c1aaf2562cb5af,U,3,0,0,2,0,0,2,0,0,0,0,0,0,0
d4caf5404b7446ea88c1aaf2562cb5af,U,3,0,1,2,0,0,1,0,0,0,0,0,0,0
d60481e16107405fb2d5066805111e57,U,1,0,2,1,3,1,2,2,1,3,1,2,0,0
1a7b20c42ff14622bcf45e7ff823662d,U,1,0,2,1,3,1,2,2,1,3,1,2,0,0
d60481e16107405fb2d5066805111e57,U,2,0,3,1,4,3,4,3,1,4,3,4,0,0
1a7b20c42ff14622bcf45e7ff823662d,U,1,0,3,2,3,2,3,3,2,3,2,3,0,0
d60481e16107405fb2d5066805111e57,U,2,0,3,2,1,4,4,0,0,0,0,0,0,0
1a7b20c42ff14622bcf45e7ff823662d,U,1,0,5,5,6,6,6,5,5,6,1,2,0,1
1a7b20c42ff14622bcf45e7ff823662d,U,2,0,1,1,1,1,1,0,0,0,0,0,0,0
1dfeffea9d42414fa434e98577561756,U,1,0,1,3,2,5,3,1,3,2,1,2,0,1
1dfeffea9d42414fa434e98577561756,U,2,0,1,1,4,3,2,1,1,4,3,2,0,0
1dfeffea9d42414fa434e98577561756,U,2,0,1,2,4,2,3,1,2,4,2,3,0,0
1dfeffea9d42414fa434e98577561756,U,2,0,3,2,2,2,3,0,0,0,0,0,0,0
1dfeffea9d42414fa434e98577561756,U,3,0,2,1,1,1,1,0,0,0,0,0,0,0
1dfeffea9d42414fa434e98577561756,U,3,0,3,1,1,1,2,0,0,0,0,0,0,0
1dfeffea9d42414fa434e98577561756,U,3,0,3,1,1,3,1,0,0,0,0,0,0,0
046cfdefdf7e48c58feba39b6afb52a4,U,1,0,2,1,3,1,2,2,1,3,1,2,0,0
9289b56808db4ae9a476558216b8117f,U,1,0,2,1,3,1,2,2,1,3,1,2,0,0
c9d579473f3544fab9845053d83635bd,U,1,0,2,2,3,1,2,2,2,3,1,2,0,0
c9d579473f3544fab9845053d83635bd,U,1,0,2,3,3,0,0,2,3,3,0,0,0,1
c9d579473f3544fab9845053d83635bd,U,2,0,2,1,1,2,2,0,0,0,0,0,0,0
c9d579473f3544fab9845053d83635bd,U,2,0,3,3,1,3,3,3,3,1,2,3,0,1
c9d579473f3544fab9845053d83635bd,U,3,0,1,1,2,1,1,0,0,0,0,0,0,0
c9d579473f3544fab9845053d83635bd,U,3,0,2,2,1,2,2,0,0,0,0,0,0,0
212e49e5507e4e2ba8f64ac175973e80,U,1,0,2,0,2,0,1,0,0,0,0,0,0,0
212e49e5507e4e2ba8f64ac175973e80,U,1,0,3,2,3,2,3,3,2,3,2,3,0,0
c719317cf07d43af9caa4034b410d2ce,U,1,0,2,2,3,1,2,2,2,3,1,2,0,0
212e49e5507e4e2ba8f64ac175973e80,U,1,0,2,2,3,2,6,2,2,3,2,6,0,0
c719317cf07d43af9caa4034b410d2ce,U,1,0,2,2,3,2,3,2,2,3,2,3,0,0
c719317cf07d43af9caa4034b410d2ce,U,1,0,2,3,3,2,3,2,3,3,1,2,0,1
212e49e5507e4e2ba8f64ac175973e80,U,2,0,5,3,2,3,0,3,3,2,2,0,0,1
c719317cf07d43af9caa4034b410d2ce,U,2,0,1,3,1,3,5,1,3,1,2,3,0,1
c719317cf07d43af9caa4034b410d2ce,U,3,0,4,2,0,2,6,0,0,0,0,0,0,0
c719317cf07d43af9caa4034b410d2ce,U,3,0,1,3,0,2,6,1,3,0,1,1,0,1
212e49e5507e4e2ba8f64ac175973e80,U,3,0,0,0,0,0,0,0,0,0,0,0,0,0
212e49e5507e4e2ba8f64ac175973e80,U,3,0,0,3,0,1,2,0,3,0,1,1,0,1
5f6a49e7d31f43f18a923e06b4c69a17,U,1,0,6,6,6,6,6,6,3,6,1,6,0,1
5f6a49e7d31f43f18a923e06b4c69a17,U,2,0,1,2,2,3,1,0,0,0,0,0,0,0
5f6a49e7d31f43f18a923e06b4c69a17,U,2,0,0,3,1,1,2,0,3,1,1,2,0,1
5f6a49e7d31f43f18a923e06b4c69a17,U,3,0,0,0,0,1,0,0,0,0,0,0,0,0
984d1054056c4fda943689d82d911e7a,U,1,0,1,1,1,1,1,0,0,0,0,0,0,0
984d1054056c4fda943689d82d911e7a,U,1,0,1,2,1,2,1,0,0,0,0,0,0,0
984d1054056c4fda943689d82d911e7a,U,1,0,6,6,6,6,6,6,3,6,1,6,0,1
984d1054056c4fda943689d82d911e7a,U,2,0,0,0,4,0,0,0,0,4,0,0,0,0
61aff87f981c47a79c836d941d5566dc,U,1,0,3,2,3,3,3,3,2,3,3,3,0,0
61aff87f981c47a79c836d941d5566dc,U,1,0,3,4,4,3,3,3,3,4,1,3,0,1
61aff87f981c47a79c836d941d5566dc,U,2,0,0,3,2,2,0,0,3,2,2,0,0,1
61aff87f981c47a79c836d941d5566dc,U,3,0,2,3,1,3,1,2,3,1,1,1,0,1
0b601e279b654f9e8367bebcf6218aa9,U,1,0,2,1,3,1,2,2,1,3,1,2,0,0
0b601e279b654f9e8367bebcf6218aa9,U,1,0,3,4,3,5,3,3,3,3,1,3,0,1
0b601e279b654f9e8367bebcf6218aa9,U,2,0,2,3,1,3,0,2,3,1,2,0,0,1
0b601e279b654f9e8367bebcf6218aa9,U,3,0,2,2,2,3,2,0,0,0,0,0,0,0
0b601e279b654f9e8367bebcf6218aa9,U,3,0,1,3,1,3,1,1,3,1,1,1,0,1
7ca82e043da24b728cedcfbdad72a8cd,U,1,0,3,3,3,3,3,3,3,3,1,2,0,1
f462d889ce574232815a6427abe9f9ff,U,1,0,3,3,3,3,4,3,3,3,1,2,0,1
f462d889ce574232815a6427abe9f9ff,U,2,0,3,3,3,2,3,3,3,2,2,3,0,1
f462d889ce574232815a6427abe9f9ff,U,3,0,0,2,1,0,0,0,0,0,0,0,0,0
f462d889ce574232815a6427abe9f9ff,U,3,0,0,3,0,0,2,0,3,0,0,1,0,1
2a42931100684fb286efff30c3d80a09,U,1,0,0,3,5,4,0,0,3,3,1,0,0,1
2a42931100684fb286efff30c3d80a09,U,2,0,0,0,6,0,0,0,0,6,0,0,0,0
2a42931100684fb286efff30c3d80a09,U,2,0,0,1,6,2,2,0,1,6,2,2,0,0
2a42931100684fb286efff30c3d80a09,U,2,0,0,2,5,2,1,0,2,5,2,1,0,0
2a42931100684fb286efff30c3d80a09,U,3,0,2,1,1,2,2,0,0,0,0,0,0,0
2a42931100684fb286efff30c3d80a09,U,3,0,2,3,1,3,3,2,3,1,1,1,0,1
5a2baee664804d2f9414f03c2ff89918,U,1,0,3,3,3,2,2,2,3,3,1,2,0,1
5a2baee664804d2f9414f03c2ff89918,U,2,0,4,2,3,2,3,4,2,3,2,3,0,0
5a2baee664804d2f9414f03c2ff89918,U,2,0,4,3,3,3,2,4,3,2,2,2,0,1
5a2baee664804d2f9414f03c2ff89918,U,3,0,0,1,1,2,0,0,0,0,0,0,0,0
5a2baee664804d2f9414f03c2ff89918,U,3,0,0,2,0,2,0,0,0,0,0,0,0,0
5a2baee664804d2f9414f03c2ff89918,U,3,0,0,3,0,1,0,0,3,0,1,0,0,1
430a01be268244c9be06fee982185646,U,1,0,5,5,6,5,5,5,3,6,1,5,0,1
430a01be268244c9be06fee982185646,U,2,0,2,0,3,2,2,2,0,3,2,2,0,0
430a01be268244c9be06fee982185646,U,2,0,2,0,4,3,2,2,0,4,3,2,0,0
430a01be268244c9be06fee982185646,U,2,0,2,2,4,3,1,2,2,4,3,1,0,0
430a01be268244c9be06fee982185646,U,3,0,0,0,0,0,0,0,0,0,0,0,0,0
268ac69ff5dd4075abb76871c79c54f7,U,1,0,4,3,4,2,3,2,3,4,1,3,0,1
268ac69ff5dd4075abb76871c79c54f7,U,2,0,3,3,2,3,3,3,3,2,2,3,0,1
268ac69ff5dd4075abb76871c79c54f7,U,3,0,0,2,0,0,2,0,0,0,0,0,0,0
268ac69ff5dd4075abb76871c79c54f7,U,3,0,0,1,0,0,3,0,0,0,0,0,0,0
268ac69ff5dd4075abb76871c79c54f7,U,3,0,0,1,0,0,4,0,0,0,0,0,0,0
59d591f0437a47ec921f6469749529ca,U,1,0,3,1,3,3,2,3,1,3,3,2,0,0
59d591f0437a47ec921f6469749529ca,U,1,0,3,3,3,3,2,2,3,3,1,2,0,1
59d591f0437a47ec921f6469749529ca,U,2,0,3,3,2,2,3,3,3,2,2,3,0,1
59d591f0437a47ec921f6469749529ca,U,3,0,0,3,0,1,0,0,3,0,1,0,0,1
247a8af0d9134671be48637fc3c008fb,U,1,0,3,3,3,2,2,2,3,3,1,2,0,1
247a8af0d9134671be48637fc3c008fb,U,2,0,3,3,2,3,3,3,3,2,2,3,0,1
247a8af0d9134671be48637fc3c008fb,U,3,0,0,3,1,0,0,0,3,1,0,0,0,1
c064fdf4d9fb4ff990906e67889e2c2b,U,1,0,2,4,5,1,2,2,3,5,1,2,0,1
c064fdf4d9fb4ff990906e67889e2c2b,U,2,0,4,2,3,3,3,4,2,3,3,3,0,0
c064fdf4d9fb4ff990906e67889e2c2b,U,2,0,3,3,3,3,2,3,3,2,2,2,0,1
c064fdf4d9fb4ff990906e67889e2c2b,U,3,0,0,1,2,0,0,0,0,0,0,0,0,0
c064fdf4d9fb4ff990906e67889e2c2b,U,3,0,0,2,1,0,0,0,0,0,0,0,0,0
1c2a176cc4034978bb7ecc5fa5af2126,U,1,0,2,1,3,3,4,2,1,3,3,4,0,0
1c2a176cc4034978bb7ecc5fa5af2126,U,1,0,2,4,3,3,4,2,3,3,1,4,0,1
1c2a176cc4034978bb7ecc5fa5af2126,U,2,0,2,2,2,2,3,0,0,0,0,0,0,0
1c2a176cc4034978bb7ecc5fa5af2126,U,2,0,2,3,2,2,3,2,3,2,2,3,0,1
1c2a176cc4034978bb7ecc5fa5af2126,U,3,0,0,3,0,0,2,0,3,0,0,1,0,1
d09b0a9d4366485598c71f91b07cd95b,U,1,0,4,4,5,3,4,4,3,5,1,4,0,1
d09b0a9d4366485598c71f91b07cd95b,U,2,0,2,3,2,2,0,2,3,2,2,0,0,1
d09b0a9d4366485598c71f91b07cd95b,U,3,0,1,0,3,0,0,1,0,3,0,0,0,0
d09b0a9d4366485598c71f91b07cd95b,U,3,0,1,3,0,0,0,1,3,0,0,0,0,1
da1a3fad53294db9828514acc9822d6b,U,1,0,2,1,5,4,2,2,1,5,4,2,0,0
da1a3fad53294db9828514acc9822d6b,U,1,0,2,4,5,4,2,2,3,5,1,2,0,1
da1a3fad53294db9828514acc9822d6b,U,2,0,3,3,2,2,3,3,3,2,2,3,0,1
da1a3fad53294db9828514acc9822d6b,U,3,0,0,2,0,0,2,0,0,0,0,0,0,0
da1a3fad53294db9828514acc9822d6b,U,3,0,0,2,0,0,0,0,0,0,0,0,0,0
da1a3fad53294db9828514acc9822d6b,U,3,0,0,1,0,0,2,0,0,0,0,0,0,0
eb1c1acf70cf407c8038be4ffd6475ce,U,1,0,2,3,3,3,2,2,3,3,1,2,0,1
eb1c1acf70cf407c8038be4ffd6475ce,U,2,0,3,2,2,2,3,0,0,0,0,0,0,0
eb1c1acf70cf407c8038be4ffd6475ce,U,2,0,2,3,2,2,3,2,3,2,2,3,0,1
eb1c1acf70cf407c8038be4ffd6475ce,U,3,0,0,3,2,0,0,0,3,2,0,0,0,1
163a0d5089624701b3f3271ff3d1ca73,U,1,0,4,1,3,3,2,4,1,3,3,2,0,0
163a0d5089624701b3f3271ff3d1ca73,U,1,0,4,3,3,3,2,2,3,3,1,2,0,1
163a0d5089624701b3f3271ff3d1ca73,U,2,0,3,2,3,2,3,3,2,3,2,3,0,0
163a0d5089624701b3f3271ff3d1ca73,U,2,0,3,2,3,4,3,3,2,3,4,3,0,0
163a0d5089624701b3f3271ff3d1ca73,U,2,0,1,3,3,4,3,1,3,2,2,3,0,1
163a0d5089624701b3f3271ff3d1ca73,U,3,0,1,2,3,1,0,1,2,3,1,0,0,0
163a0d5089624701b3f3271ff3d1ca73,U,3,0,1,3,2,2,0,1,3,2,1,0,0,1
bb284246c5a64c258a92fa940218e855,C,1,0,3,1,3,2,2,3,1,3,2,2,0,0
bb284246c5a64c258a92fa940218e855,C,1,0,3,3,3,2,2,2,3,3,1,2,0,1
bb284246c5a64c258a92fa940218e855,C,2,0,4,1,2,3,3,0,0,0,0,0,0,0
bb284246c5a64c258a92fa940218e855,C,2,0,4,3,2,3,3,3,3,2,2,3,0,1
bb284246c5a64c258a92fa940218e855,C,3,0,0,0,2,0,0,0,0,0,0,0,0,0
bb284246c5a64c258a92fa940218e855,C,3,0,0,0,2,1,0,0,0,0,0,0,0,0
bb284246c5a64c258a92fa940218e855,C,3,0,0,0,2,1,1,0,0,0,0,0,0,0
69ea7539af154597af79cae6caa3e966,C,1,0,4,2,5,3,1,4,2,5,3,1,0,0
69ea7539af154597af79cae6caa3e966,C,1,0,3,3,5,3,1,3,3,3,1,1,0,1
69ea7539af154597af79cae6caa3e966,C,2,0,3,1,5,1,3,3,1,5,1,3,0,0
69ea7539af154597af79cae6caa3e966,C,2,0,3,3,5,1,3,3,3,2,1,3,0,1
69ea7539af154597af79cae6caa3e966,C,3,0,3,1,1,1,1,0,0,0,0,0,0,0
69ea7539af154597af79cae6caa3e966,C,3,0,2,2,1,1,1,0,0,0,0,0,0,0
69ea7539af154597af79cae6caa3e966,C,3,0,3,0,2,1,1,0,0,0,0,0,0,0
354be11f94a64eb08d1da2b89afb1bfd,C,1,0,0,1,0,0,0,0,0,0,0,0,0,0
354be11f94a64eb08d1da2b89afb1bfd,C,1,0,1,2,1,1,1,0,0,0,0,0,0,0
354be11f94a64eb08d1da2b89afb1bfd,C,1,0,1,2,2,2,2,0,0,0,0,0,0,0
354be11f94a64eb08d1da2b89afb1bfd,C,2,0,1,2,3,3,3,1,2,3,3,3,0,0
354be11f94a64eb08d1da2b89afb1bfd,C,2,0,1,2,3,3,3,1,2,3,3,3,0,0
354be11f94a64eb08d1da2b89afb1bfd,C,2,0,1,2,3,3,2,1,2,3,3,2,0,0
354be11f94a64eb08d1da2b89afb1bfd,C,3,0,2,2,2,1,1,0,0,0,0,0,0,0
354be11f94a64eb08d1da2b89afb1bfd,C,3,0,2,2,2,1,1,0,0,0,0,0,0,0
354be11f94a64eb08d1da2b89afb1bfd,C,3,0,2,2,2,1,1,0,0,0,0,0,0,0
48e8dd46c2824a34a6ce5a73b6ccbf4c,C,1,0,0,0,0,1,0,0,0,0,0,0,0,0
48e8dd46c2824a34a6ce5a73b6ccbf4c,C,1,0,0,4,3,2,2,0,3,3,1,2,0,1
48e8dd46c2824a34a6ce5a73b6ccbf4c,C,2,0,0,2,5,3,2,0,2,5,3,2,0,0
48e8dd46c2824a34a6ce5a73b6ccbf4c,C,2,0,0,3,5,3,1,0,3,2,2,1,0,1
48e8dd46c2824a34a6ce5a73b6ccbf4c,C,3,0,5,1,2,1,5,0,0,0,0,0,0,0
48e8dd46c2824a34a6ce5a73b6ccbf4c,C,3,0,5,2,1,2,5,0,0,0,0,0,0,0
48e8dd46c2824a34a6ce5a73b6ccbf4c,C,3,0,5,2,1,2,5,0,0,0,0,0,0,0
17b357c9c55f433782173bcbdc215dd5,C,1,0,6,2,6,2,6,6,2,6,2,6,0,0
36e5acc0b33c4d4f8481f56cd4efe696,C,1,0,1,2,1,2,0,0,0,0,0,0,0,0
36e5acc0b33c4d4f8481f56cd4efe696,C,1,0,1,1,1,3,1,0,0,0,0,0,0,0
36e5acc0b33c4d4f8481f56cd4efe696,C,1,0,1,1,2,0,3,0,0,0,0,0,0,0
36e5acc0b33c4d4f8481f56cd4efe696,C,2,0,2,1,3,2,0,2,1,3,2,0,0,0
36e5acc0b33c4d4f8481f56cd4efe696,C,2,0,1,2,4,1,2,1,2,4,1,2,0,0
36e5acc0b33c4d4f8481f56cd4efe696,C,2,0,0,1,3,2,4,0,1,3,2,4,0,0
36e5acc0b33c4d4f8481f56cd4efe696,C,3,0,2,2,4,1,1,2,2,4,1,1,0,0
36e5acc0b33c4d4f8481f56cd4efe696,C,3,0,1,1,1,1,1,0,0,0,0,0,0,0
36e5acc0b33c4d4f8481f56cd4efe696,C,3,0,2,4,4,0,3,2,3,4,0,1,0,1
b9bb6bc6c2704f7a94252c2d4e54649a,C,1,0,1,1,1,1,1,0,0,0,0,0,0,0
b9bb6bc6c2704f7a94252c2d4e54649a,C,1,0,3,1,1,1,3,0,0,0,0,0,0,0
b9bb6bc6c2704f7a94252c2d4e54649a,C,1,0,3,2,3,2,3,3,2,3,2,3,0,0
b9bb6bc6c2704f7a94252c2d4e54649a,C,2,0,3,2,2,2,3,0,0,0,0,0,0,0
b9bb6bc6c2704f7a94252c2d4e54649a,C,2,0,4,2,2,2,4,0,0,0,0,0,0,0
b9bb6bc6c2704f7a94252c2d4e54649a,C,2,0,4,2,3,2,4,4,2,3,2,4,0,0
b9bb6bc6c2704f7a94252c2d4e54649a,C,3,0,0,0,0,0,0,0,0,0,0,0,0,0
b9bb6bc6c2704f7a94252c2d4e54649a,C,3,0,0,0,0,0,0,0,0,0,0,0,0,0
927cf8b734aa451291660cc6e55c4c60,C,1,0,1,2,2,2,1,0,0,0,0,0,0,0
927cf8b734aa451291660cc6e55c4c60,C,1,0,2,3,2,3,2,2,3,2,1,2,0,1
927cf8b734aa451291660cc6e55c4c60,C,2,0,1,2,3,1,1,1,2,3,1,1,0,0
927cf8b734aa451291660cc6e55c4c60,C,2,0,2,3,2,1,1,2,3,2,1,1,0,1
927cf8b734aa451291660cc6e55c4c60,C,3,0,2,1,1,1,3,0,0,0,0,0,0,0
927cf8b734aa451291660cc6e55c4c60,C,3,0,3,1,1,1,3,0,0,0,0,0,0,0
927cf8b734aa451291660cc6e55c4c60,C,3,0,3,1,1,2,3,0,0,0,0,0,0,0
66311034328a4f0f82032dd810f4fd30,C,1,0,2,1,3,1,2,2,1,3,1,2,0,0
66311034328a4f0f82032dd810f4fd30,C,1,0,1,0,2,0,0,0,0,0,0,0,0,0
66311034328a4f0f82032dd810f4fd30,C,1,0,2,0,1,0,0,0,0,0,0,0,0,0
66311034328a4f0f82032dd810f4fd30,C,2,0,4,2,4,4,4,4,2,4,4,4,0,0
66311034328a4f0f82032dd810f4fd30,C,2,0,4,2,4,4,3,4,2,4,4,3,0,0
66311034328a4f0f82032dd810f4fd30,C,2,0,5,3,3,4,3,3,3,3,2,3,0,1
66311034328a4f0f82032dd810f4fd30,C,3,0,1,0,2,1,0,0,0,0,0,0,0,0
66311034328a4f0f82032dd810f4fd30,C,3,0,1,0,2,1,1,0,0,0,0,0,0,0
66311034328a4f0f82032dd810f4fd30,C,3,0,1,1,2,1,1,0,0,0,0,0,0,0
e1364da8330c41498bb5fcf66c47f40f,C,1,0,0,0,0,0,0,0,0,0,0,0,0,0
e1364da8330c41498bb5fcf66c47f40f,C,1,0,6,6,2,6,0,6,3,2,1,0,0,1
e1364da8330c41498bb5fcf66c47f40f,C,2,0,3,5,5,5,1,3,3,5,2,1,0,1
e1364da8330c41498bb5fcf66c47f40f,C,3,0,1,1,1,2,2,0,0,0,0,0,0,0
e1364da8330c41498bb5fcf66c47f40f,C,3,0,1,1,0,2,2,0,0,0,0,0,0,0
e1364da8330c41498bb5fcf66c47f40f,C,3,0,0,0,0,1,1,0,0,0,0,0,0,0
662c58127f3d4ebbb43ceb397bbabb85,C,1,0,3,3,3,1,2,2,3,3,1,2,0,1
662c58127f3d4ebbb43ceb397bbabb85,C,2,0,3,1,3,2,3,3,1,3,2,3,0,0
662c58127f3d4ebbb43ceb397bbabb85,C,2,0,3,1,3,2,4,3,1,3,2,4,0,0
662c58127f3d4ebbb43ceb397bbabb85,C,2,0,3,2,3,2,4,3,2,3,2,4,0,0
662c58127f3d4ebbb43ceb397bbabb85,C,3,0,0,2,1,0,0,0,0,0,0,0,0,0
662c58127f3d4ebbb43ceb397bbabb85,C,3,0,0,2,1,0,0,0,0,0,0,0,0,0
662c58127f3d4ebbb43ceb397bbabb85,C,3,0,0,2,1,0,0,0,0,0,0,0,0,0
f8c38f6874a94db5a3fd5e7d50619bc2,C,1,0,3,2,4,4,2,3,2,4,4,2,0,0
f8c38f6874a94db5a3fd5e7d50619bc2,C,1,0,3,3,3,3,2,2,3,3,1,2,0,1
f8c38f6874a94db5a3fd5e7d50619bc2,C,2,0,3,3,2,2,3,3,3,2,2,3,0,1
f8c38f6874a94db5a3fd5e7d50619bc2,C,3,0,0,2,1,1,0,0,0,0,0,0,0,0
f8c38f6874a94db5a3fd5e7d50619bc2,C,3,0,0,3,0,1,0,0,3,0,1,0,0,1
fda28ae2441643f48ccc6ad8619d3ae4,C,1,0,2,1,3,1,2,2,1,3,1,2,0,0
fda28ae2441643f48ccc6ad8619d3ae4,C,1,0,4,4,1,1,5,4,3,1,1,2,0,1
fda28ae2441643f48ccc6ad8619d3ae4,C,2,0,0,0,6,6,0,0,0,6,6,0,0,0
fda28ae2441643f48ccc6ad8619d3ae4,C,2,0,0,1,6,6,1,0,1,6,6,1,0,0
fda28ae2441643f48ccc6ad8619d3ae4,C,2,0,1,1,1,3,3,0,0,0,0,0,0,0
fda28ae2441643f48ccc6ad8619d3ae4,C,3,0,2,2,4,1,1,2,2,4,1,1,0,0
fda28ae2441643f48ccc6ad8619d3ae4,C,3,0,6,6,0,0,4,6,3,0,0,1,0,1
706708d4455c401ea468acb17fbf6c20,C,1,0,3,2,3,2,3,3,2,3,2,3,0,0
706708d4455c401ea468acb17fbf6c20,C,1,0,3,3,3,3,4,3,3,3,1,2,0,1
706708d4455c401ea468acb17fbf6c20,C,2,0,3,2,3,3,3,3,2,3,3,3,0,0
706708d4455c401ea468acb17fbf6c20,C,2,0,3,3,3,4,3,3,3,2,2,3,0,1
706708d4455c401ea468acb17fbf6c20,C,3,0,1,0,2,0,0,0,0,0,0,0,0,0
706708d4455c401ea468acb17fbf6c20,C,3,0,1,0,1,1,0,0,0,0,0,0,0,0
706708d4455c401ea468acb17fbf6c20,C,3,0,2,0,1,1,1,0,0,0,0,0,0,0
01dd8def4d6d4ae2a859d09d3e40cbd0,C,1,0,3,1,3,3,3,3,1,3,3,3,0,0
01dd8def4d6d4ae2a859d09d3e40cbd0,C,1,0,3,1,4,5,5,3,1,4,5,5,0,0
01dd8def4d6d4ae2a859d09d3e40cbd0,C,1,0,3,3,4,4,4,3,3,4,1,2,0,1
01dd8def4d6d4ae2a859d09d3e40cbd0,C,2,0,2,0,3,3,0,2,0,3,3,0,0,0
01dd8def4d6d4ae2a859d09d3e40cbd0,C,2,0,2,2,3,3,0,2,2,3,3,0,0,0
01dd8def4d6d4ae2a859d09d3e40cbd0,C,2,0,2,3,4,2,2,2,3,2,2,2,0,1
01dd8def4d6d4ae2a859d09d3e40cbd0,C,3,0,0,0,1,0,2,0,0,0,0,0,0,0
01dd8def4d6d4ae2a859d09d3e40cbd0,C,3,0,1,0,1,0,1,0,0,0,0,0,0,0
01dd8def4d6d4ae2a859d09d3e40cbd0,C,3,0,1,0,0,1,2,0,0,0,0,0,0,0
12f958778c534cb38b0535e5da173259,C,1,0,3,3,3,1,2,2,3,3,1,2,0,1
12f958778c534cb38b0535e5da173259,C,2,0,3,1,4,2,3,3,1,4,2,3,0,0
12f958778c534cb38b0535e5da173259,C,2,0,3,1,4,3,4,3,1,4,3,4,0,0
12f958778c534cb38b0535e5da173259,C,2,0,4,1,4,2,5,4,1,4,2,5,0,0
12f958778c534cb38b0535e5da173259,C,3,0,0,1,0,0,0,0,0,0,0,0,0,0
12f958778c534cb38b0535e5da173259,C,3,0,0,0,0,1,0,0,0,0,0,0,0,0
12f958778c534cb38b0535e5da173259,C,3,0,0,0,0,1,0,0,0,0,0,0,0,0
663f07d176444b26b70010eb1bb93c68,C,1,0,4,1,3,1,3,4,1,3,1,3,0,0
663f07d176444b26b70010eb1bb93c68,C,1,0,4,1,4,2,3,4,1,4,2,3,0,0
663f07d176444b26b70010eb1bb93c68,C,1,0,4,3,3,1,3,2,3,3,1,3,0,1
663f07d176444b26b70010eb1bb93c68,C,2,0,4,1,3,2,3,4,1,3,2,3,0,0
663f07d176444b26b70010eb1bb93c68,C,2,0,4,1,3,3,3,4,1,3,3,3,0,0
663f07d176444b26b70010eb1bb93c68,C,2,0,4,1,3,3,3,4,1,3,3,3,0,0
663f07d176444b26b70010eb1bb93c68,C,3,0,0,1,0,0,0,0,0,0,0,0,0,0
663f07d176444b26b70010eb1bb93c68,C,3,0,0,1,0,0,0,0,0,0,0,0,0,0
663f07d176444b26b70010eb1bb93c68,C,3,0,0,0,0,1,0,0,0,0,0,0,0,0
b674419590fc4392893e7a99c5437153,C,1,0,3,1,3,2,3,3,1,3,2,3,0,0
b674419590fc4392893e7a99c5437153,C,1,0,4,1,3,2,4,4,1,3,2,4,0,0
b674419590fc4392893e7a99c5437153,C,1,0,4,2,3,2,4,4,2,3,2,4,0,0
b674419590fc4392893e7a99c5437153,C,2,0,0,0,3,2,3,0,0,3,2,3,0,0
b674419590fc4392893e7a99c5437153,C,2,0,2,0,3,2,3,2,0,3,2,3,0,0
b674419590fc4392893e7a99c5437153,C,2,0,2,1,3,2,3,2,1,3,2,3,0,0
b674419590fc4392893e7a99c5437153,C,3,0,0,2,1,0,0,0,0,0,0,0,0,0
b674419590fc4392893e7a99c5437153,C,3,0,1,2,1,0,0,0,0,0,0,0,0,0
b674419590fc4392893e7a99c5437153,C,3,0,1,1,1,1,0,0,0,0,0,0,0,0
379b8823754e4531aae0bcd22a5857e0,C,1,0,2,2,3,2,3,2,2,3,2,3,0,0
379b8823754e4531aae0bcd22a5857e0,C,1,0,2,2,4,3,4,2,2,4,3,4,0,0
379b8823754e4531aae0bcd22a5857e0,C,1,0,4,2,4,3,4,4,2,4,3,4,0,0
379b8823754e4531aae0bcd22a5857e0,C,2,0,2,3,3,0,0,2,3,2,0,0,0,1
379b8823754e4531aae0bcd22a5857e0,C,3,0,0,2,2,2,0,0,0,0,0,0,0,0
379b8823754e4531aae0bcd22a5857e0,C,3,0,0,2,2,2,1,0,0,0,0,0,0,0
379b8823754e4531aae0bcd22a5857e0,C,3,0,2,2,1,2,2,0,0,0,0,0,0,0
063d80d2d6474e1c8834045500f1f84c,C,1,0,2,1,3,2,3,2,1,3,2,3,0,0
063d80d2d6474e1c8834045500f1f84c,C,1,0,4,1,5,2,5,4,1,5,2,5,0,0
063d80d2d6474e1c8834045500f1f84c,C,1,0,4,2,5,4,5,4,2,5,4,5,0,0
063d80d2d6474e1c8834045500f1f84c,C,2,0,0,0,4,3,0,0,0,4,3,0,0,0
063d80d2d6474e1c8834045500f1f84c,C,2,0,2,3,4,3,0,2,3,2,2,0,0,1
063d80d2d6474e1c8834045500f1f84c,C,3,0,0,1,1,0,0,0,0,0,0,0,0,0
063d80d2d6474e1c8834045500f1f84c,C,3,0,0,1,1,0,1,0,0,0,0,0,0,0
73fe1c077a974701bdc106e0a95f0381,C,1,0,2,2,4,2,2,2,2,4,2,2,0,0
73fe1c077a974701bdc106e0a95f0381,C,1,0,3,2,4,2,2,3,2,4,2,2,0,0
73fe1c077a974701bdc106e0a95f0381,C,1,0,3,2,5,2,3,3,2,5,2,3,0,0
73fe1c077a974701bdc106e0a95f0381,C,2,0,3,2,4,2,3,3,2,4,2,3,0,0
73fe1c077a974701bdc106e0a95f0381,C,2,0,3,2,4,2,3,3,2,4,2,3,0,0
73fe1c077a974701bdc106e0a95f0381,C,2,0,3,2,4,2,3,3,2,4,2,3,0,0
73fe1c077a974701bdc106e0a95f0381,C,3,0,0,0,0,1,0,0,0,0,0,0,0,0
73fe1c077a974701bdc106e0a95f0381,C,3,0,0,0,0,1,0,0,0,0,0,0,0,0
73fe1c077a974701bdc106e0a95f0381,C,3,0,0,0,0,1,0,0,0,0,0,0,0,0
02b313e2fc17414c9fc717d924545a34,C,1,0,3,1,4,2,2,3,1,4,2,2,0,0
02b313e2fc17414c9fc717d924545a34,C,1,0,4,2,4,2,2,4,2,4,2,2,0,0
02b313e2fc17414c9fc717d924545a34,C,1,0,4,2,4,3,2,4,2,4,3,2,0,0
02b313e2fc17414c9fc717d924545a34,C,2,0,3,1,4,3,3,3,1,4,3,3,0,0
02b313e2fc17414c9fc717d924545a34,C,2,0,3,2,4,3,3,3,2,4,3,3,0,0
02b313e2fc17414c9fc717d924545a34,C,2,0,2,3,4,3,3,2,3,2,2,3,0,1
02b313e2fc17414c9fc717d924545a34,C,3,0,0,1,0,1,0,0,0,0,0,0,0,0
02b313e2fc17414c9fc717d924545a34,C,3,0,0,1,0,1,2,0,0,0,0,0,0,0
02b313e2fc17414c9fc717d924545a34,C,3,0,0,1,0,1,2,0,0,0,0,0,0,0
d51fd9a32ca44e039f2087d5e09d9d67,C,1,0,2,2,4,1,3,2,2,4,1,3,0,0
d51fd9a32ca44e039f2087d5e09d9d67,C,1,0,3,2,4,1,4,3,2,4,1,4,0,0
d51fd9a32ca44e039f2087d5e09d9d67,C,1,0,3,2,4,2,4,3,2,4,2,4,0,0
d51fd9a32ca44e039f2087d5e09d9d67,C,2,0,2,3,2,0,1,2,3,2,0,1,0,1
d51fd9a32ca44e039f2087d5e09d9d67,C,3,0,2,2,3,1,1,2,2,3,1,1,0,0
d51fd9a32ca44e039f2087d5e09d9d67,C,3,0,2,2,3,1,1,2,2,3,1,1,0,0
d51fd9a32ca44e039f2087d5e09d9d67,C,3,0,2,2,3,1,1,2,2,3,1,1,0,0
38061f8f3582481191c35c0572cd7b3b,C,1,0,2,1,3,3,2,2,1,3,3,2,0,0
38061f8f3582481191c35c0572cd7b3b,C,1,0,2,1,3,3,2,2,1,3,3,2,0,0
648210b2eea74cbaa1f0bb4a60e7a860,C,1,0,2,1,3,2,2,2,1,3,2,2,0,0
648210b2eea74cbaa1f0bb4a60e7a860,C,1,0,2,1,3,4,2,2,1,3,4,2,0,0
648210b2eea74cbaa1f0bb4a60e7a860,C,1,0,4,2,4,5,4,4,2,4,5,4,0,0
648210b2eea74cbaa1f0bb4a60e7a860,C,2,0,0,2,3,3,0,0,2,3,3,0,0,0
648210b2eea74cbaa1f0bb4a60e7a860,C,2,0,2,2,3,3,2,2,2,3,3,2,0,0
648210b2eea74cbaa1f0bb4a60e7a860,C,2,0,1,3,3,3,2,1,3,2,2,2,0,1
648210b2eea74cbaa1f0bb4a60e7a860,C,3,0,0,2,1,0,0,0,0,0,0,0,0,0
648210b2eea74cbaa1f0bb4a60e7a860,C,3,0,0,2,1,0,0,0,0,0,0,0,0,0
648210b2eea74cbaa1f0bb4a60e7a860,C,3,0,0,1,1,1,0,0,0,0,0,0,0,0
a235044215a9402fab78ea1de2b2ce5f,C,1,0,2,2,4,3,2,2,2,4,3,2,0,0
a235044215a9402fab78ea1de2b2ce5f,C,1,0,3,2,4,3,2,3,2,4,3,2,0,0
a235044215a9402fab78ea1de2b2ce5f,C,1,0,3,2,4,3,3,3,2,4,3,3,0,0
a235044215a9402fab78ea1de2b2ce5f,C,2,0,3,1,3,3,3,3,1,3,3,3,0,0
a235044215a9402fab78ea1de2b2ce5f,C,2,0,3,2,3,3,3,3,2,3,3,3,0,0
a235044215a9402fab78ea1de2b2ce5f,C,2,0,3,3,2,3,3,3,3,2,2,3,0,1
a235044215a9402fab78ea1de2b2ce5f,C,3,0,0,0,0,0,0,0,0,0,0,0,0,0
3d8f6fecd54c40af9c280510cadfcceb,C,1,0,2,1,3,2,2,2,1,3,2,2,0,0
3d8f6fecd54c40af9c280510cadfcceb,C,1,0,2,2,3,2,2,2,2,3,2,2,0,0
3d8f6fecd54c40af9c280510cadfcceb,C,1,0,2,2,4,3,3,2,2,4,3,3,0,0
3d8f6fecd54c40af9c280510cadfcceb,C,2,0,3,3,2,3,3,3,3,2,2,3,0,1
3d8f6fecd54c40af9c280510cadfcceb,C,3,0,0,2,0,0,0,0,0,0,0,0,0,0
3d8f6fecd54c40af9c280510cadfcceb,C,3,0,0,0,0,2,0,0,0,0,0,0,0,0
3d8f6fecd54c40af9c280510cadfcceb,C,3,0,0,0,0,2,0,0,0,0,0,0,0,0
07ea8ede0b0d47f9af0b54a98bc6b8d9,C,1,0,2,2,5,2,2,2,2,5,2,2,0,0
07ea8ede0b0d47f9af0b54a98bc6b8d9,C,1,0,2,3,5,3,2,2,3,3,1,2,0,1
07ea8ede0b0d47f9af0b54a98bc6b8d9,C,2,0,3,2,3,3,3,3,2,3,3,3,0,0
07ea8ede0b0d47f9af0b54a98bc6b8d9,C,2,0,3,2,3,2,2,3,2,3,2,2,0,0
07ea8ede0b0d47f9af0b54a98bc6b8d9,C,2,0,3,2,3,2,3,3,2,3,2,3,0,0
07ea8ede0b0d47f9af0b54a98bc6b8d9,C,3,0,0,2,2,0,0,0,0,0,0,0,0,0
07ea8ede0b0d47f9af0b54a98bc6b8d9,C,3,0,0,2,0,3,0,0,0,0,0,0,0,0
07ea8ede0b0d47f9af0b54a98bc6b8d9,C,3,0,0,3,0,2,0,0,3,0,1,0,0,1
df2d77e006de40f89d09f5ae34b5930e,C,1,0,2,2,3,2,2,2,2,3,2,2,0,0
df2d77e006de40f89d09f5ae34b5930e,C,1,0,2,2,3,3,2,2,2,3,3,2,0,0
df2d77e006de40f89d09f5ae34b5930e,C,1,0,2,2,3,3,3,2,2,3,3,3,0,0
df2d77e006de40f89d09f5ae34b5930e,C,2,0,2,1,2,2,2,0,0,0,0,0,0,0
df2d77e006de40f89d09f5ae34b5930e,C,2,0,2,2,2,3,2,0,0,0,0,0,0,0
df2d77e006de40f89d09f5ae34b5930e,C,2,0,2,2,3,3,2,2,2,3,3,2,0,0
df2d77e006de40f89d09f5ae34b5930e,C,3,0,0,2,1,1,0,0,0,0,0,0,0,0
df2d77e006de40f89d09f5ae34b5930e,C,3,0,0,3,1,1,0,0,3,1,1,0,0,1
0eecc154c9a94f10a87cc351e6c422b6,C,1,0,2,1,3,2,2,2,1,3,2,2,0,0
0eecc154c9a94f10a87cc351e6c422b6,C,1,0,2,2,3,2,2,2,2,3,2,2,0,0
0eecc154c9a94f10a87cc351e6c422b6,C,1,0,2,4,3,4,2,2,3,3,1,2,0,1
0eecc154c9a94f10a87cc351e6c422b6,C,2,0,3,2,3,2,3,3,2,3,2,3,0,0
0eecc154c9a94f10a87cc351e6c422b6,C,2,0,3,2,3,2,4,3,2,3,2,4,0,0
0eecc154c9a94f10a87cc351e6c422b6,C,2,0,3,2,3,2,4,3,2,3,2,4,0,0
0eecc154c9a94f10a87cc351e6c422b6,C,3,0,0,0,0,0,2,0,0,0,0,0,0,0
0eecc154c9a94f10a87cc351e6c422b6,C,3,0,0,0,0,0,2,0,0,0,0,0,0,0
0eecc154c9a94f10a87cc351e6c422b6,C,3,0,0,0,0,0,2,0,0,0,0,0,0,0
920e98cfa305462ba5e0f8634bac0cb9,C,1,0,2,1,3,2,2,2,1,3,2,2,0,0
920e98cfa305462ba5e0f8634bac0cb9,C,1,0,2,1,3,2,3,2,1,3,2,3,0,0
920e98cfa305462ba5e0f8634bac0cb9,C,1,0,2,1,3,2,3,2,1,3,2,3,0,0
920e98cfa305462ba5e0f8634bac0cb9,C,2,0,3,3,2,3,3,3,3,2,2,3,0,1
920e98cfa305462ba5e0f8634bac0cb9,C,3,0,0,3,0,1,0,0,3,0,1,0,0,1
3dd57f1547184fc3a66dc5fa1a1901ce,C,1,0,2,2,3,2,2,2,2,3,2,2,0,0
3dd57f1547184fc3a66dc5fa1a1901ce,C,1,0,2,2,3,2,3,2,2,3,2,3,0,0
3dd57f1547184fc3a66dc5fa1a1901ce,C,1,0,2,2,3,3,3,2,2,3,3,3,0,0
3dd57f1547184fc3a66dc5fa1a1901ce,C,2,0,3,1,2,3,3,0,0,0,0,0,0,0
3dd57f1547184fc3a66dc5fa1a1901ce,C,2,0,4,1,2,3,3,0,0,0,0,0,0,0
3dd57f1547184fc3a66dc5fa1a1901ce,C,2,0,4,2,2,3,3,0,0,0,0,0,0,0
3dd57f1547184fc3a66dc5fa1a1901ce,C,3,0,0,1,0,0,0,0,0,0,0,0,0,0
3dd57f1547184fc3a66dc5fa1a1901ce,C,3,0,0,1,0,0,1,0,0,0,0,0,0,0
3dd57f1547184fc3a66dc5fa1a1901ce,C,3,0,0,1,0,0,1,0,0,0,0,0,0,0
616eaf35beb245cd86a60183e4a79c6d,C,1,0,4,3,4,4,2,2,3,4,1,2,0,1
616eaf35beb245cd86a60183e4a79c6d,C,2,0,3,1,4,2,3,3,1,4,2,3,0,0
616eaf35beb245cd86a60183e4a79c6d,C,2,0,3,1,4,2,3,3,1,4,2,3,0,0
616eaf35beb245cd86a60183e4a79c6d,C,2,0,3,1,4,3,3,3,1,4,3,3,0,0
616eaf35beb245cd86a60183e4a79c6d,C,3,0,0,1,1,1,0,0,0,0,0,0,0,0
616eaf35beb245cd86a60183e4a79c6d,C,3,0,1,1,1,1,0,0,0,0,0,0,0,0
616eaf35beb245cd86a60183e4a79c6d,C,3,0,1,1,1,1,0,0,0,0,0,0,0,0
509ad822fea142c3bda5e8d2c32dc3bf,C,1,0,2,1,3,2,3,2,1,3,2,3,0,0
509ad822fea142c3bda5e8d2c32dc3bf,C,1,0,2,1,3,3,3,2,1,3,3,3,0,0
509ad822fea142c3bda5e8d2c32dc3bf,C,1,0,2,2,3,3,3,2,2,3,3,3,0,0
509ad822fea142c3bda5e8d2c32dc3bf,C,2,0,3,1,2,3,3,0,0,0,0,0,0,0
509ad822fea142c3bda5e8d2c32dc3bf,C,2,0,3,2,2,3,3,0,0,0,0,0,0,0
509ad822fea142c3bda5e8d2c32dc3bf,C,2,0,3,2,2,3,3,0,0,0,0,0,0,0
509ad822fea142c3bda5e8d2c32dc3bf,C,3,0,0,3,0,0,0,0,3,0,0,0,0,1
9a4580a886ad4760b070874f1d1dbe8b,C,1,0,2,2,3,2,3,2,2,3,2,3,0,0
9a4580a886ad4760b070874f1d1dbe8b,C,1,0,2,3,3,3,3,2,3,3,1,2,0,1
9a4580a886ad4760b070874f1d1dbe8b,C,2,0,3,2,3,3,3,3,2,3,3,3,0,0
9a4580a886ad4760b070874f1d1dbe8b,C,2,0,3,2,3,3,3,3,2,3,3,3,0,0
9a4580a886ad4760b070874f1d1dbe8b,C,2,0,4,2,3,4,3,4,2,3,4,3,0,0
9a4580a886ad4760b070874f1d1dbe8b,C,3,0,0,1,0,0,2,0,0,0,0,0,0,0
9a4580a886ad4760b070874f1d1dbe8b,C,3,0,0,1,0,0,2,0,0,0,0,0,0,0
9a4580a886ad4760b070874f1d1dbe8b,C,3,0,0,1,0,0,2,0,0,0,0,0,0,0
00893a61e1ba43da9aa0df4f6e20245f,C,1,0,3,2,3,2,2,3,2,3,2,2,0,0
00893a61e1ba43da9aa0df4f6e20245f,C,1,0,3,2,3,3,2,3,2,3,3,2,0,0
00893a61e1ba43da9aa0df4f6e20245f,C,1,0,3,2,3,3,3,3,2,3,3,3,0,0
00893a61e1ba43da9aa0df4f6e20245f,C,2,0,3,1,2,3,3,0,0,0,0,0,0,0
00893a61e1ba43da9aa0df4f6e20245f,C,2,0,3,2,3,3,3,3,2,3,3,3,0,0
00893a61e1ba43da9aa0df4f6e20245f,C,2,0,3,2,3,3,3,3,2,3,3,3,0,0
00893a61e1ba43da9aa0df4f6e20245f,C,3,0,0,0,0,0,2,0,0,0,0,0,0,0
00893a61e1ba43da9aa0df4f6e20245f,C,3,0,0,0,0,0,2,0,0,0,0,0,0,0
00893a61e1ba43da9aa0df4f6e20245f,C,3,0,0,0,0,0,2,0,0,0,0,0,0,0
21b70c5ab40845fd9aab55de1db54de2,C,1,0,2,2,3,2,3,2,2,3,2,3,0,0
21b70c5ab40845fd9aab55de1db54de2,C,1,0,2,2,3,2,4,2,2,3,2,4,0,0
21b70c5ab40845fd9aab55de1db54de2,C,1,0,2,2,3,3,4,2,2,3,3,4,0,0
21b70c5ab40845fd9aab55de1db54de2,C,2,0,0,0,2,3,0,0,0,0,0,0,0,0
21b70c5ab40845fd9aab55de1db54de2,C,2,0,0,2,2,3,0,0,0,0,0,0,0,0
21b70c5ab40845fd9aab55de1db54de2,C,2,0,0,2,2,3,1,0,0,0,0,0,0,0
21b70c5ab40845fd9aab55de1db54de2,C,2,0,0,2,2,3,2,0,0,0,0,0,0,0
21b70c5ab40845fd9aab55de1db54de2,C,3,0,0,2,2,2,0,0,0,0,0,0,0,0
21b70c5ab40845fd9aab55de1db54de2,C,3,0,0,2,2,2,1,0,0,0,0,0,0,0
21b70c5ab40845fd9aab55de1db54de2,C,3,0,0,3,1,2,1,0,3,1,1,1,0,1
78980661a4454a808324109af5627dd7,C,1,0,2,2,3,2,2,2,2,3,2,2,0,0
78980661a4454a808324109af5627dd7,C,1,0,2,2,3,3,2,2,2,3,3,2,0,0
78980661a4454a808324109af5627dd7,C,1,0,2,2,3,3,3,2,2,3,3,3,0,0
78980661a4454a808324109af5627dd7,C,2,0,3,1,2,2,3,0,0,0,0,0,0,0
78980661a4454a808324109af5627dd7,C,2,0,3,2,2,2,3,0,0,0,0,0,0,0
78980661a4454a808324109af5627dd7,C,2,0,3,3,2,2,3,3,3,2,2,3,0,1
78980661a4454a808324109af5627dd7,C,3,0,0,3,0,0,0,0,3,0,0,0,0,1
a5000e45af714772bbc4f6da7c00d903,C,1,0,2,2,3,2,2,2,2,3,2,2,0,0
a5000e45af714772bbc4f6da7c00d903,C,1,0,2,2,3,3,2,2,2,3,3,2,0,0
a5000e45af714772bbc4f6da7c00d903,C,1,0,2,2,3,3,3,2,2,3,3,3,0,0
a5000e45af714772bbc4f6da7c00d903,C,2,0,3,2,2,3,3,0,0,0,0,0,0,0
a5000e45af714772bbc4f6da7c00d903,C,2,0,3,3,2,3,3,3,3,2,2,3,0,1
a5000e45af714772bbc4f6da7c00d903,C,3,0,0,1,1,0,0,0,0,0,0,0,0,0
a5000e45af714772bbc4f6da7c00d903,C,3,0,0,1,1,0,1,0,0,0,0,0,0,0
a5000e45af714772bbc4f6da7c00d903,C,3,0,0,1,1,0,1,0,0,0,0,0,0,0
79648c2b7f8549a9a0f0c484f150fe34,C,1,0,2,2,3,2,2,2,2,3,2,2,0,0
79648c2b7f8549a9a0f0c484f150fe34,C,1,0,2,2,3,3,2,2,2,3,3,2,0,0
79648c2b7f8549a9a0f0c484f150fe34,C,1,0,2,2,3,3,3,2,2,3,3,3,0,0
79648c2b7f8549a9a0f0c484f150fe34,C,2,0,3,2,2,3,3,0,0,0,0,0,0,0
79648c2b7f8549a9a0f0c484f150fe34,C,2,0,3,3,2,3,2,3,3,2,2,2,0,1
79648c2b7f8549a9a0f0c484f150fe34,C,3,0,0,0,0,0,0,0,0,0,0,0,0,0
79648c2b7f8549a9a0f0c484f150fe34,C,3,0,0,2,0,0,1,0,0,0,0,0,0,0
79648c2b7f8549a9a0f0c484f150fe34,C,3,0,0,2,0,0,2,0,0,0,0,0,0,0
92b9a944f487481e8f6c690eb1bfd55e,C,1,0,2,2,3,2,2,2,2,3,2,2,0,0
92b9a944f487481e8f6c690eb1bfd55e,C,1,0,2,2,3,3,2,2,2,3,3,2,0,0
92b9a944f487481e8f6c690eb1bfd55e,C,1,0,2,2,3,3,3,2,2,3,3,3,0,0
92b9a944f487481e8f6c690eb1bfd55e,C,2,0,3,1,2,3,3,0,0,0,0,0,0,0
92b9a944f487481e8f6c690eb1bfd55e,C,2,0,3,2,2,3,3,0,0,0,0,0,0,0
92b9a944f487481e8f6c690eb1bfd55e,C,2,0,3,3,2,3,3,3,3,2,2,3,0,1
92b9a944f487481e8f6c690eb1bfd55e,C,3,0,0,1,0,1,0,0,0,0,0,0,0,0
92b9a944f487481e8f6c690eb1bfd55e,C,3,0,0,1,0,1,0,0,0,0,0,0,0,0
92b9a944f487481e8f6c690eb1bfd55e,C,3,0,0,2,0,0,0,0,0,0,0,0,0,0
4c4c6f25333348b1ba73069bbb415ae1,D,1,0,2,1,3,2,2,2,1,3,2,2,0,0
4c4c6f25333348b1ba73069bbb415ae1,D,1,0,2,3,3,3,2,2,3,3,1,2,0,1
4c4c6f25333348b1ba73069bbb415ae1,D,2,0,3,2,2,2,2,0,0,0,0,0,0,0
4c4c6f25333348b1ba73069bbb415ae1,D,2,0,3,3,2,2,2,3,3,2,2,2,0,1
4c4c6f25333348b1ba73069bbb415ae1,D,3,0,3,0,1,2,0,0,0,0,0,0,0,0
4c4c6f25333348b1ba73069bbb415ae1,D,3,0,3,1,1,2,0,0,0,0,0,0,0,0
4c4c6f25333348b1ba73069bbb415ae1,D,3,0,3,1,1,2,2,0,0,0,0,0,0,0
4b4c46ac6c8e4d4d985eecbb4d56f009,D,1,0,4,2,3,3,2,2,5,3,1,2,0,0
4b4c46ac6c8e4d4d985eecbb4d56f009,D,1,0,4,2,3,4,3,6,3,3,1,2,0,0
4b4c46ac6c8e4d4d985eecbb4d56f009,D,1,0,4,3,3,4,3,2,3,3,1,2,0,1
4b4c46ac6c8e4d4d985eecbb4d56f009,D,2,0,3,3,2,1,1,3,3,2,2,3,0,1
4b4c46ac6c8e4d4d985eecbb4d56f009,D,3,0,1,0,0,0,0,2,6,6,1,1,0,0
4b4c46ac6c8e4d4d985eecbb4d56f009,D,3,0,1,0,0,0,0,6,3,4,1,1,0,0
4b4c46ac6c8e4d4d985eecbb4d56f009,D,3,0,1,0,0,0,0,5,3,4,1,1,0,0
a2b720fdff374f07bc84723d5aba1335,D,1,0,2,2,4,3,2,2,4,2,1,2,0,0
a2b720fdff374f07bc84723d5aba1335,D,1,0,3,2,4,3,3,2,3,3,1,4,0,0
a2b720fdff374f07bc84723d5aba1335,D,1,0,3,3,4,3,3,2,3,3,1,2,0,1
a2b720fdff374f07bc84723d5aba1335,D,2,0,3,2,4,2,3,6,4,2,2,3,0,0
a2b720fdff374f07bc84723d5aba1335,D,2,0,3,3,4,2,3,3,3,2,2,3,0,1
a2b720fdff374f07bc84723d5aba1335,D,3,0,0,0,0,0,0,2,6,4,3,1,0,0
a2b720fdff374f07bc84723d5aba1335,D,3,0,0,0,0,0,0,2,3,4,1,1,0,0
a2b720fdff374f07bc84723d5aba1335,D,3,0,0,0,0,0,0,2,4,4,1,1,0,0
48d052b725404a6c992400aabb2e24f8,D,1,0,4,1,5,3,2,2,5,3,2,2,0,0
48d052b725404a6c992400aabb2e24f8,D,1,0,4,2,5,3,2,2,5,3,1,5,0,0
48d052b725404a6c992400aabb2e24f8,D,1,0,4,3,5,3,2,2,3,3,1,2,0,1
48d052b725404a6c992400aabb2e24f8,D,2,0,3,2,2,2,3,3,3,1,2,3,0,0
48d052b725404a6c992400aabb2e24f8,D,2,0,3,2,2,2,3,1,4,2,2,3,0,0
48d052b725404a6c992400aabb2e24f8,D,2,0,3,2,2,2,3,4,5,2,2,3,0,0
48d052b725404a6c992400aabb2e24f8,D,3,0,0,0,0,0,0,2,6,1,1,1,0,0
48d052b725404a6c992400aabb2e24f8,D,3,0,0,0,0,0,0,6,3,4,1,1,0,0
48d052b725404a6c992400aabb2e24f8,D,3,0,0,0,0,0,0,2,6,4,1,2,0,0
758889ab5d944fbfa24b8ac439cd391a,D,1,0,4,3,5,4,4,2,3,3,1,2,0,1
758889ab5d944fbfa24b8ac439cd391a,D,2,0,2,2,3,3,4,6,3,2,2,3,0,0
758889ab5d944fbfa24b8ac439cd391a,D,2,0,3,2,3,3,4,1,4,2,2,3,0,0
758889ab5d944fbfa24b8ac439cd391a,D,2,0,3,3,3,3,3,3,3,2,2,3,0,1
758889ab5d944fbfa24b8ac439cd391a,D,3,0,0,3,0,0,1,2,3,4,1,1,0,1
a52346894b864c6bb8fdb50d08d20c92,D,1,0,4,3,3,1,3,2,3,3,1,2,0,1
a52346894b864c6bb8fdb50d08d20c92,D,2,0,5,1,4,2,3,3,6,2,1,3,0,0
a52346894b864c6bb8fdb50d08d20c92,D,2,0,5,3,4,2,3,3,3,2,2,3,0,1
a52346894b864c6bb8fdb50d08d20c92,D,3,0,2,0,2,0,2,2,4,4,6,1,0,0
a52346894b864c6bb8fdb50d08d20c92,D,3,0,2,0,2,0,2,2,5,4,5,1,0,0
a52346894b864c6bb8fdb50d08d20c92,D,3,0,1,0,1,2,2,2,5,4,2,1,0,0
02025391ebe64e15aa92d6ec78b3e105,D,1,0,2,1,4,2,3,2,6,3,1,4,0,0
02025391ebe64e15aa92d6ec78b3e105,D,1,0,2,2,4,4,3,2,3,6,1,2,0,0
02025391ebe64e15aa92d6ec78b3e105,D,1,0,3,2,4,4,3,2,5,3,1,1,0,0
02025391ebe64e15aa92d6ec78b3e105,D,2,0,0,1,3,2,0,3,3,4,2,3,0,0
02025391ebe64e15aa92d6ec78b3e105,D,2,0,0,3,3,2,0,3,3,2,2,3,0,1
02025391ebe64e15aa92d6ec78b3e105,D,3,0,0,0,0,0,1,6,5,4,1,1,0,0
02025391ebe64e15aa92d6ec78b3e105,D,3,0,0,0,0,0,1,2,6,4,1,4,0,0
02025391ebe64e15aa92d6ec78b3e105,D,3,0,0,0,0,0,1,2,6,3,1,1,0,0
8ef588b991ea4a22b3b27c74b2d36f29,D,1,0,2,3,3,3,3,2,3,3,1,2,0,1
8ef588b991ea4a22b3b27c74b2d36f29,D,2,0,3,1,4,2,3,3,4,1,2,3,0,0
8ef588b991ea4a22b3b27c74b2d36f29,D,2,0,3,2,4,2,3,3,3,5,2,3,0,0
8ef588b991ea4a22b3b27c74b2d36f29,D,2,0,3,3,4,2,3,3,3,2,2,3,0,1
8ef588b991ea4a22b3b27c74b2d36f29,D,3,0,0,2,0,2,0,2,6,3,1,1,0,0
8ef588b991ea4a22b3b27c74b2d36f29,D,3,0,0,3,0,1,0,2,3,4,1,1,0,1
dcb58d3c86fc4952aa23367557e96687,D,1,0,3,1,3,3,2,6,4,3,1,2,0,0
dcb58d3c86fc4952aa23367557e96687,D,1,0,3,2,3,4,3,2,6,5,1,2,0,0
dcb58d3c86fc4952aa23367557e96687,D,1,0,3,2,3,4,4,2,6,4,1,2,0,0
dcb58d3c86fc4952aa23367557e96687,D,2,0,0,2,2,2,0,3,6,2,2,6,0,0
dcb58d3c86fc4952aa23367557e96687,D,2,0,0,2,2,3,2,3,6,2,2,4,0,0
dcb58d3c86fc4952aa23367557e96687,D,2,0,0,3,2,3,2,3,3,2,2,3,0,1
dcb58d3c86fc4952aa23367557e96687,D,3,0,0,0,0,0,2,4,5,4,1,1,0,0
dcb58d3c86fc4952aa23367557e96687,D,3,0,0,0,0,3,3,5,5,4,1,1,0,0
86cf58dfe48344ecadf4d921caf9b611,D,1,0,2,1,6,6,4,2,5,6,1,2,0,0
86cf58dfe48344ecadf4d921caf9b611,D,1,0,2,4,6,6,4,2,4,3,1,2,0,1
86cf58dfe48344ecadf4d921caf9b611,D,2,0,0,6,5,0,0,3,6,2,2,3,0,1
86cf58dfe48344ecadf4d921caf9b611,D,3,0,0,1,0,0,0,6,6,4,1,1,0,0
86cf58dfe48344ecadf4d921caf9b611,D,3,0,0,1,0,0,0,2,6,4,3,1,0,0
86cf58dfe48344ecadf4d921caf9b611,D,3,0,0,0,0,1,0,2,5,4,1,3,0,0
a1587dd04adb4949a4666885fd0d2e96,D,1,0,2,4,3,4,2,2,4,3,1,2,0,1
a1587dd04adb4949a4666885fd0d2e96,D,2,0,3,2,4,2,3,3,4,2,4,3,0,0
a1587dd04adb4949a4666885fd0d2e96,D,2,0,3,2,4,3,3,3,5,2,2,3,0,0
a1587dd04adb4949a4666885fd0d2e96,D,2,0,3,3,4,3,3,3,3,2,2,3,0,1
a1587dd04adb4949a4666885fd0d2e96,D,3,0,0,0,0,2,0,2,3,4,4,1,0,0
a1587dd04adb4949a4666885fd0d2e96,D,3,0,0,0,0,2,1,2,6,4,1,3,0,0
a1587dd04adb4949a4666885fd0d2e96,D,3,0,0,0,0,2,1,2,5,1,1,1,0,0
40df850c3d524428bf2ef460c2dcbdc8,D,1,0,3,2,3,3,2,2,6,3,4,2,0,0
40df850c3d524428bf2ef460c2dcbdc8,D,1,0,3,2,3,4,3,2,6,3,6,2,0,0
40df850c3d524428bf2ef460c2dcbdc8,D,1,0,4,2,3,4,3,2,5,4,1,2,0,0
40df850c3d524428bf2ef460c2dcbdc8,D,2,0,3,0,3,3,0,3,4,5,2,3,0,0
40df850c3d524428bf2ef460c2dcbdc8,D,2,0,3,5,3,3,0,3,5,2,2,3,0,1
40df850c3d524428bf2ef460c2dcbdc8,D,3,0,0,0,0,0,0,2,6,1,1,1,0,0
40df850c3d524428bf2ef460c2dcbdc8,D,3,0,0,0,0,0,0,2,5,4,1,3,0,0
40df850c3d524428bf2ef460c2dcbdc8,D,3,0,0,0,0,0,0,2,5,4,5,1,0,0
d050b054d7fd4d57b07845e79dec8a9e,D,1,0,5,1,3,3,3,2,6,3,1,5,0,0
d050b054d7fd4d57b07845e79dec8a9e,D,1,0,5,1,5,5,3,2,6,2,1,2,0,0
d050b054d7fd4d57b07845e79dec8a9e,D,1,0,5,3,5,5,3,2,3,3,1,2,0,1
d050b054d7fd4d57b07845e79dec8a9e,D,2,0,0,2,3,2,0,3,5,2,2,5,0,0
d050b054d7fd4d57b07845e79dec8a9e,D,2,0,3,2,3,2,0,6,5,2,2,3,0,0
d050b054d7fd4d57b07845e79dec8a9e,D,2,0,3,2,3,4,0,6,3,2,2,3,0,0
d050b054d7fd4d57b07845e79dec8a9e,D,3,0,0,0,0,0,1,2,3,2,1,1,0,0
d050b054d7fd4d57b07845e79dec8a9e,D,3,0,0,0,0,0,1,3,5,4,1,1,0,0
d050b054d7fd4d57b07845e79dec8a9e,D,3,0,0,0,0,0,1,2,5,5,1,1,0,0
433dc96965c74cf98427f45279cd30e7,D,1,0,4,4,4,4,2,2,4,4,1,2,0,1
433dc96965c74cf98427f45279cd30e7,D,2,0,3,3,3,0,0,3,3,2,2,3,0,1
433dc96965c74cf98427f45279cd30e7,D,3,0,0,0,1,1,0,2,5,4,3,1,0,0
433dc96965c74cf98427f45279cd30e7,D,3,0,0,0,1,1,1,2,4,4,4,1,0,0
433dc96965c74cf98427f45279cd30e7,D,3,0,0,0,1,1,1,3,4,4,1,1,0,0
21b594dc717c456e870fdc8c86b283d3,D,1,0,2,1,5,3,4,2,5,6,1,2,0,0
21b594dc717c456e870fdc8c86b283d3,D,1,0,4,1,5,3,4,4,6,3,1,2,0,0
21b594dc717c456e870fdc8c86b283d3,D,1,0,4,2,5,3,4,2,5,3,5,2,0,0
21b594dc717c456e870fdc8c86b283d3,D,2,0,0,2,3,3,0,1,5,2,2,3,0,0
21b594dc717c456e870fdc8c86b283d3,D,2,0,0,3,3,3,0,3,3,2,2,3,0,1
21b594dc717c456e870fdc8c86b283d3,D,3,0,0,0,0,0,0,1,6,4,1,1,0,0
21b594dc717c456e870fdc8c86b283d3,D,3,0,0,0,0,0,0,2,4,4,1,2,0,0
eba5eb5f78624e8fa8830365ec461bce,D,1,0,4,4,3,4,4,2,4,3,1,2,0,1
eba5eb5f78624e8fa8830365ec461bce,D,2,0,0,0,4,4,3,3,3,2,2,6,0,0
eba5eb5f78624e8fa8830365ec461bce,D,2,0,0,2,4,4,3,3,4,2,1,3,0,0
eba5eb5f78624e8fa8830365ec461bce,D,2,0,2,2,4,4,3,3,5,6,2,3,0,0
eba5eb5f78624e8fa8830365ec461bce,D,3,0,0,2,1,0,0,2,3,4,1,1,0,0
eba5eb5f78624e8fa8830365ec461bce,D,3,0,3,2,0,0,2,2,3,4,6,1,0,0
eba5eb5f78624e8fa8830365ec461bce,D,3,0,3,2,0,0,3,2,4,5,1,1,0,0
e6adeaab2177492aa448eed5f7509de3,D,1,0,5,3,4,2,2,2,3,3,1,2,0,1
e6adeaab2177492aa448eed5f7509de3,D,2,0,3,1,2,3,3,3,3,2,2,6,0,0
e6adeaab2177492aa448eed5f7509de3,D,2,0,5,1,2,3,3,3,6,2,2,4,0,0
e6adeaab2177492aa448eed5f7509de3,D,2,0,5,1,4,3,3,3,5,2,5,3,0,0
e6adeaab2177492aa448eed5f7509de3,D,3,0,0,1,0,0,2,2,4,4,1,4,0,0
e6adeaab2177492aa448eed5f7509de3,D,3,0,0,1,0,0,2,2,4,4,5,1,0,0
e6adeaab2177492aa448eed5f7509de3,D,3,0,0,1,0,0,1,2,4,3,1,1,0,0
a31890626f53428fa6337fc8c97d2a8a,D,1,0,2,1,5,3,2,2,5,6,1,2,0,0
a31890626f53428fa6337fc8c97d2a8a,D,1,0,2,2,5,3,2,2,6,3,6,2,0,0
a31890626f53428fa6337fc8c97d2a8a,D,1,0,3,2,5,3,2,1,4,3,1,2,0,0
a31890626f53428fa6337fc8c97d2a8a,D,2,0,3,2,3,3,3,3,3,3,2,3,0,0
a31890626f53428fa6337fc8c97d2a8a,D,2,0,3,3,3,3,2,3,3,2,2,3,0,1
a31890626f53428fa6337fc8c97d2a8a,D,3,0,0,0,0,1,0,2,5,4,1,4,0,0
a31890626f53428fa6337fc8c97d2a8a,D,3,0,0,0,0,1,0,6,5,4,1,1,0,0
a31890626f53428fa6337fc8c97d2a8a,D,3,0,0,0,0,1,0,2,5,5,1,1,0,0
21ef68c0992243f8b9899146d47d7bc8,D,1,0,5,4,5,5,5,2,4,3,1,2,0,1
21ef68c0992243f8b9899146d47d7bc8,D,2,0,0,4,3,4,0,3,4,2,2,3,0,1
21ef68c0992243f8b9899146d47d7bc8,D,3,0,0,0,0,3,0,3,6,4,1,1,0,0
21ef68c0992243f8b9899146d47d7bc8,D,3,0,0,1,0,1,3,2,5,2,1,1,0,0
21ef68c0992243f8b9899146d47d7bc8,D,3,0,0,1,0,1,3,2,4,1,1,1,0,0
1f7c5567a0084003ae7709262cb140fe,D,1,0,4,2,4,1,2,2,3,3,1,4,0,0
1f7c5567a0084003ae7709262cb140fe,D,1,0,4,3,4,2,2,2,3,4,1,2,0,1
1f7c5567a0084003ae7709262cb140fe,D,2,0,3,3,2,3,3,3,3,2,2,3,0,1
1f7c5567a0084003ae7709262cb140fe,D,3,0,0,3,0,0,2,2,3,4,1,1,0,1
5dc3d112199d44dc80b468d63b7c735f,D,1,0,2,1,5,3,4,2,5,3,1,5,0,0
5dc3d112199d44dc80b468d63b7c735f,D,1,0,4,2,5,3,4,2,6,3,6,2,0,0
5dc3d112199d44dc80b468d63b7c735f,D,1,0,4,4,5,3,4,2,4,3,1,2,0,1
5dc3d112199d44dc80b468d63b7c735f,D,2,0,0,2,3,3,3,3,3,2,4,3,0,0
5dc3d112199d44dc80b468d63b7c735f,D,2,0,0,4,3,3,3,3,4,3,2,3,0,1
5dc3d112199d44dc80b468d63b7c735f,D,3,0,0,0,0,0,0,2,4,4,1,1,0,0
5dc3d112199d44dc80b468d63b7c735f,D,3,0,0,0,0,0,0,1,4,4,1,1,0,0
5dc3d112199d44dc80b468d63b7c735f,D,3,0,0,0,0,0,0,2,4,4,1,4,0,0
59f79965c543476193007b4783b7ed66,D,1,0,3,2,4,2,2,5,5,3,1,2,0,0
59f79965c543476193007b4783b7ed66,D,1,0,3,2,4,3,3,6,5,3,1,2,0,0
59f79965c543476193007b4783b7ed66,D,1,0,3,3,4,3,3,2,3,3,1,2,0,1
59f79965c543476193007b4783b7ed66,D,2,0,3,2,2,2,3,3,5,2,2,3,0,0
59f79965c543476193007b4783b7ed66,D,2,0,3,3,2,3,3,3,3,2,2,3,0,1
59f79965c543476193007b4783b7ed66,D,3,0,0,0,0,1,0,2,5,4,1,4,0,0
59f79965c543476193007b4783b7ed66,D,3,0,0,0,0,1,0,2,6,4,1,1,0,0
59f79965c543476193007b4783b7ed66,D,3,0,0,1,0,0,0,2,4,4,1,6,0,0
327167cf5e404fea8ffdc3fb06bb8a8d,D,1,0,2,2,4,2,2,5,3,3,1,2,0,0
327167cf5e404fea8ffdc3fb06bb8a8d,D,1,0,2,2,4,3,3,5,4,3,1,2,0,0
327167cf5e404fea8ffdc3fb06bb8a8d,D,1,0,4,4,4,4,4,2,4,3,1,2,0,1
327167cf5e404fea8ffdc3fb06bb8a8d,D,2,0,0,2,3,3,0,5,6,2,2,3,0,0
327167cf5e404fea8ffdc3fb06bb8a8d,D,2,0,0,3,3,3,0,3,3,2,2,3,0,1
327167cf5e404fea8ffdc3fb06bb8a8d,D,3,0,0,0,0,0,0,2,5,4,6,1,0,0
327167cf5e404fea8ffdc3fb06bb8a8d,D,3,0,0,0,0,0,0,1,6,4,1,1,0,0
327167cf5e404fea8ffdc3fb06bb8a8d,D,3,0,0,0,0,0,0,2,4,4,1,4,0,0
07ce5066ca19425f8e6afaaf46f4e850,D,1,0,2,2,3,4,4,2,4,3,4,2,0,0
07ce5066ca19425f8e6afaaf46f4e850,D,1,0,2,4,3,4,4,2,4,3,1,2,0,1
07ce5066ca19425f8e6afaaf46f4e850,D,2,0,3,3,4,4,3,3,3,2,2,3,0,1
07ce5066ca19425f8e6afaaf46f4e850,D,3,0,0,3,0,1,0,2,3,4,1,1,0,1
05617831326145f598ef517952895da6,D,1,0,2,2,5,1,2,2,4,3,1,6,0,0
05617831326145f598ef517952895da6,D,1,0,3,2,5,1,3,2,6,3,1,4,0,0
05617831326145f598ef517952895da6,D,1,0,3,2,5,1,3,3,4,3,1,2,0,0
05617831326145f598ef517952895da6,D,2,0,3,2,2,2,3,3,4,3,2,3,0,0
05617831326145f598ef517952895da6,D,2,0,3,2,2,2,4,5,3,2,2,3,0,0
05617831326145f598ef517952895da6,D,2,0,3,2,2,3,3,3,4,2,6,3,0,0
05617831326145f598ef517952895da6,D,3,0,0,1,0,0,1,2,5,4,6,1,0,0
05617831326145f598ef517952895da6,D,3,0,0,1,0,0,1,2,4,1,1,1,0,0
05617831326145f598ef517952895da6,D,3,0,0,1,0,0,1,2,3,3,1,1,0,0
70e58e72f695435683d28ebfe8197051,D,1,0,2,2,4,3,3,2,4,3,1,3,0,0
70e58e72f695435683d28ebfe8197051,D,1,0,2,3,4,4,3,2,3,3,1,2,0,1
70e58e72f695435683d28ebfe8197051,D,2,0,3,3,2,1,3,3,3,2,2,3,0,1
70e58e72f695435683d28ebfe8197051,D,3,0,0,1,0,1,0,2,5,4,1,1,0,0
70e58e72f695435683d28ebfe8197051,D,3,0,0,1,0,2,2,2,5,6,1,1,0,0
70e58e72f695435683d28ebfe8197051,D,3,0,0,1,0,2,4,2,3,5,1,1,0,0
d62a27d602a04dcfb45b9b25c0ce71f9,D,1,0,3,1,3,2,3,2,4,3,5,2,0,0
d62a27d602a04dcfb45b9b25c0ce71f9,D,1,0,3,2,3,2,3,2,6,3,3,2,0,0
d62a27d602a04dcfb45b9b25c0ce71f9,D,1,0,4,2,3,2,4,2,5,3,6,2,0,0
d62a27d602a04dcfb45b9b25c0ce71f9,D,2,0,0,0,2,2,3,1,3,2,2,3,0,0
d62a27d602a04dcfb45b9b25c0ce71f9,D,2,0,0,2,2,2,3,3,6,2,2,6,0,0
d62a27d602a04dcfb45b9b25c0ce71f9,D,2,0,0,4,2,4,3,3,4,2,2,3,0,1
d62a27d602a04dcfb45b9b25c0ce71f9,D,3,0,0,0,0,3,0,4,5,4,1,1,0,0
d62a27d602a04dcfb45b9b25c0ce71f9,D,3,0,0,0,0,3,1,2,5,4,4,1,0,0
d62a27d602a04dcfb45b9b25c0ce71f9,D,3,0,0,0,0,3,1,2,6,4,4,1,0,0
f8afe5af62d847f28a02c9c97a43cd4d,D,1,0,2,1,3,2,3,3,5,3,1,2,0,0
f8afe5af62d847f28a02c9c97a43cd4d,D,1,0,2,1,4,2,3,2,4,3,1,6,0,0
f8afe5af62d847f28a02c9c97a43cd4d,D,1,0,3,2,4,2,3,2,5,3,1,6,0,0
f8afe5af62d847f28a02c9c97a43cd4d,D,2,0,3,3,2,3,3,3,3,2,2,3,0,1
f8afe5af62d847f28a02c9c97a43cd4d,D,3,0,0,1,0,0,2,2,3,4,1,5,0,0
f8afe5af62d847f28a02c9c97a43cd4d,D,3,0,0,1,0,0,2,6,6,4,1,1,0,0
f8afe5af62d847f28a02c9c97a43cd4d,D,3,0,0,1,0,0,2,2,4,4,4,1,0,0
90ba61e1ebc047a78ac0b01c1f284644,D,1,0,2,3,3,3,2,2,3,3,1,2,0,1
90ba61e1ebc047a78ac0b01c1f284644,D,2,0,3,1,2,2,5,3,5,2,2,4,0,0
90ba61e1ebc047a78ac0b01c1f284644,D,2,0,3,3,2,2,5,3,3,2,2,3,0,1
90ba61e1ebc047a78ac0b01c1f284644,D,3,0,2,0,0,0,0,2,6,4,1,1,0,0
90ba61e1ebc047a78ac0b01c1f284644,D,3,0,2,0,0,3,2,2,3,4,1,4,0,0
90ba61e1ebc047a78ac0b01c1f284644,D,3,0,2,1,0,3,0,1,3,4,1,1,0,0
bc046fa526624f95be2c77cf75b209cc,D,1,0,2,1,3,3,2,2,5,3,1,3,0,0
bc046fa526624f95be2c77cf75b209cc,D,1,0,2,3,3,3,2,2,3,3,1,2,0,1
bc046fa526624f95be2c77cf75b209cc,D,2,0,3,3,2,1,3,3,3,2,2,3,0,1
bc046fa526624f95be2c77cf75b209cc,D,3,0,0,0,2,1,1,2,4,4,6,1,0,0
d604b0e3bc574c46bc32a501793109ba,D,1,0,2,1,3,3,2,2,3,3,2,2,0,0
d604b0e3bc574c46bc32a501793109ba,D,1,0,2,3,3,3,2,2,3,3,1,2,0,1
d604b0e3bc574c46bc32a501793109ba,D,2,0,3,3,2,2,3,3,3,2,2,3,0,1
f5570a79b32d4b4298ae16036741d1c4,D,1,0,3,2,4,3,4,2,3,3,1,3,0,0
f5570a79b32d4b4298ae16036741d1c4,D,1,0,3,2,4,4,4,2,3,4,1,2,0,0
dceadbb56aee49d08c7edfa1b67c41c6,D,1,0,2,4,3,4,2,2,4,3,1,2,0,1
dceadbb56aee49d08c7edfa1b67c41c6,D,2,0,3,1,3,3,3,3,3,2,2,5,0,0
dceadbb56aee49d08c7edfa1b67c41c6,D,2,0,3,1,3,3,3,3,3,6,2,3,0,0
dceadbb56aee49d08c7edfa1b67c41c6,D,2,0,4,3,3,3,3,3,3,2,2,3,0,1
dceadbb56aee49d08c7edfa1b67c41c6,D,3,0,0,1,0,0,0,2,3,5,1,1,0,0
dceadbb56aee49d08c7edfa1b67c41c6,D,3,0,0,1,0,0,0,2,6,3,1,1,0,0
dceadbb56aee49d08c7edfa1b67c41c6,D,3,0,0,1,0,0,0,5,4,4,1,1,0,0
18bd6733e91c40f2a96421ea14e76290,D,1,0,2,1,3,2,3,2,6,2,1,2,0,0
18bd6733e91c40f2a96421ea14e76290,D,1,0,2,1,4,2,3,2,6,6,1,2,0,0
4642c481a4d84830b61f54722fb5c6f8,D,1,0,4,1,4,3,2,2,6,3,3,2,0,0
4642c481a4d84830b61f54722fb5c6f8,D,1,0,4,4,4,3,2,2,4,3,1,2,0,1
1a65d87bdfb24f529515befd9a9c6ad0,D,1,0,4,3,4,3,4,2,3,3,1,2,0,1
1a65d87bdfb24f529515befd9a9c6ad0,D,2,0,0,4,4,4,4,3,4,2,2,3,0,1
f19a84d8a85243beb6f6da9bf75b3980,D,1,0,6,5,6,6,2,2,5,3,1,2,0,1